pair_col,pair_coef,player_a_id,player_b_id,player_a_label,player_b_label,abs_pair_coef
pr_15369_21139,1.7327864018039165,15369,21139,redstar,pr1metapz,1.7327864018039165
pr_3741_19230,1.4484452276659785,3741,19230,niko,m0nesy,1.4484452276659785
pr_20254_20702,1.3011092243375588,20254,20702,starry,jee,1.3011092243375588
pr_21763_22011,1.147573296859295,21763,22011,ultimate,kadziu,1.147573296859295
pr_22084_22125,0.9497050103007734,22084,22125,mello,lich,0.9497050103007734
pr_20219_22085,0.9413767414502161,20219,22085,xns,spinnie,0.9413767414502161
pr_20519_21638,0.9317189118440897,20519,21638,lcm,leleo,0.9317189118440897
pr_9031_16705,0.8841213626479285,9031,16705,valde,altekz,0.8841213626479285
pr_16816_16835,0.8772797282888184,16816,16835,vsm,ponter,0.8772797282888184
pr_11816_11893,0.8603847629936371,11816,11893,ropz,zywoo,0.8603847629936371
pr_11816_16693,0.8603847629936369,11816,16693,ropz,flamez,0.8603847629936369
pr_7322_11816,0.8603847629936366,7322,11816,apex,ropz,0.8603847629936366
pr_11816_18462,0.8603847629936356,11816,18462,ropz,mezii,0.8603847629936356
pr_8248_13670,0.8240902991815325,8248,13670,jkaem,nawwk,0.8240902991815325
pr_20113_20709,0.8110110821503639,20113,20709,deko,r3salt,0.8110110821503639
pr_12521_19692,0.8095151765563451,12521,19692,art,zevy,0.8095151765563451
pr_7592_16717,0.8032916229793045,7592,16717,device,br0,0.8032916229793045
pr_15117_18120,0.7792315606803542,15117,18120,keoz,sinnopsyy,0.7792315606803542
pr_20577_22084,-0.7603000004880767,20577,22084,bruninho,mello,0.7603000004880767
pr_1206_18294,0.7401891738298284,1206,18294,btn,adron,0.7401891738298284
pr_18891_22163,0.7331194187826329,18891,22163,cutzmeretz,misfit,0.7331194187826329
pr_19692_20385,0.709786972660132,19692,20385,zevy,kye,0.709786972660132
pr_22040_22930,0.7072636325577759,22040,22930,z1nny,tex1y,0.7072636325577759
pr_14619_17372,0.7054035299126412,14619,17372,infinite,fang,0.7054035299126412
pr_1206_20761,0.7028274364479558,1206,20761,btn,launx,0.7028274364479558
pr_18141_20085,0.6957654697655934,18141,20085,biguzera,kauez,0.6957654697655934
pr_19694_20085,0.6957654697655932,19694,20085,nqz,kauez,0.6957654697655932
pr_9521_10870,0.6784337539635751,9521,10870,dobu,kabal,0.6784337539635751
pr_15369_17145,-0.671269433802184,15369,17145,redstar,rainwaker,0.671269433802184
pr_21431_24286,0.6695203593224704,21431,24286,sstinix,levantino,0.6695203593224704
pr_18717_19692,0.6671015844946011,18717,19692,lucaozy,zevy,0.6671015844946011
pr_12521_20385,0.6538934005425024,12521,20385,art,kye,0.6538934005425024
pr_2161_20690,0.6510677664516089,2161,20690,noktse,zock,0.6510677664516089
pr_20394_20690,0.6510677664516087,20394,20690,luchov,zock,0.6510677664516087
pr_20690_22570,0.6510677664516087,20690,22570,zock,tomaszin,0.6510677664516087
pr_20690_21155,0.6510677664516082,20690,21155,zock,naz,0.6510677664516082
pr_21815_21972,0.6478941831960068,21815,21972,podi,neityu,0.6478941831960068
pr_21170_22911,0.6478274335362397,21170,22911,koala,doc,0.6478274335362397
pr_21170_21921,0.6478274335362391,21170,21921,koala,rdnzao,0.6478274335362391
pr_16080_19733,0.6411334098329936,16080,19733,dycha,demqq,0.6411334098329936
pr_19235_21348,0.6389167749095067,19235,21348,belchonokk,artfr0st,0.6389167749095067
pr_19235_19673,0.6389167749095066,19235,19673,belchonokk,patsi,0.6389167749095066
pr_17028_22084,0.6387505150579655,17028,22084,abr,mello,0.6387505150579655
pr_10827_22125,0.6154906832953387,10827,22125,prt,lich,0.6154906832953387
pr_18875_20171,0.6051204581489684,18875,20171,ricioli,snow,0.6051204581489684
pr_16954_20171,0.6051204581489683,16954,20171,yepz,snow,0.6051204581489683
pr_20171_22181,0.6051204581489682,20171,22181,snow,urban0,0.6051204581489682
pr_11337_20171,0.6051204581489682,11337,20171,rcf,snow,0.6051204581489682
pr_20084_20897,0.6047067007851351,20084,20897,togs,matios,0.6047067007851351
pr_19733_21816,-0.5992168801310412,19733,21816,demqq,gizmy,0.5992168801310412
pr_11343_18697,0.5968522532973334,11343,18697,shipz,oxygen,0.5968522532973334
pr_12290_14061,0.5959034471070939,12290,14061,perx,awzek,0.5959034471070939
pr_922_20425,0.5931286335215195,922,20425,snappi,r1nkle,0.5931286335215195
pr_16645_20522,0.5878751932920885,16645,20522,drg,gbb,0.5878751932920885
pr_19817_20761,0.5850920346972721,19817,20761,s0und,launx,0.5850920346972721
pr_18714_21038,0.5792760646406131,18714,21038,piriajr,reix,0.5792760646406131
pr_17132_18891,-0.569832988390183,17132,18891,leomonster,cutzmeretz,0.569832988390183
pr_19808_23047,0.5696388099618245,19808,23047,tn1r,sdaim,0.5696388099618245
pr_19231_22076,-0.5601624736382244,19231,22076,h1te,aw,0.5601624736382244
pr_19231_21692,-0.5601624736382242,19231,21692,h1te,kalash,0.5601624736382242
pr_19231_20600,-0.5601624736382242,19231,20600,h1te,sm3t,0.5601624736382242
pr_19231_22075,-0.560162473638224,19231,22075,h1te,sfade8,0.560162473638224
pr_17116_18294,0.5584647715543383,17116,18294,ragga,adron,0.5584647715543383
pr_18141_20563,0.5520334144784526,18141,20563,biguzera,lux,0.5520334144784526
pr_19694_20563,0.5520334144784522,19694,20563,nqz,lux,0.5520334144784522
pr_15949_23397,-0.5465835687411114,15949,23397,peppzor,poiii,0.5465835687411114
pr_11217_11343,0.54553973107682,11217,11343,spellan,shipz,0.54553973107682
pr_11219_11343,0.5455397310768195,11219,11343,cerq,shipz,0.5455397310768195
pr_20637_22048,0.5455171944948846,20637,22048,b1elany,tapewaare,0.5455171944948846
pr_9656_21452,0.5380676593190158,9656,21452,hadji,kvem,0.5380676593190158
pr_10610_21159,0.5251965133724591,10610,21159,refrezh,bobeksde,0.5251965133724591
pr_10330_22695,-0.5247532938646641,10330,22695,acor,sirah,0.5247532938646641
pr_10264_22695,-0.5247532938646636,10264,22695,niko,sirah,0.5247532938646636
pr_18571_20813,0.5230032599751452,18571,20813,cypher,vldn,0.5230032599751452
pr_12731_21815,0.5222722119049789,12731,21815,sdy,podi,0.5222722119049789
pr_7412_21815,0.5222722119049776,7412,21815,gla1ve,podi,0.5222722119049776
pr_18865_21288,0.5190644988759822,18865,21288,dav1deus,venomzera,0.5190644988759822
pr_18743_18865,0.5190644988759819,18743,18865,nython,dav1deus,0.5190644988759819
pr_18743_21288,0.5190644988759817,18743,21288,nython,venomzera,0.5190644988759817
pr_16948_22929,0.5189265635312523,16948,22929,travis,nota,0.5189265635312523
pr_20119_21164,0.5166679040361547,20119,21164,nilo,l00m1,0.5166679040361547
pr_16820_18850,0.5163497882979784,16820,18850,siuhy,jimpphat,0.5163497882979784
pr_13666_16820,0.5163497882979783,13666,16820,brollan,siuhy,0.5163497882979783
pr_16820_20312,0.5163497882979783,16820,20312,siuhy,xertion,0.5163497882979783
pr_16820_18072,0.5163497882979782,16820,18072,siuhy,torzsi,0.5163497882979782
pr_14737_21155,-0.5145347760360325,14737,21155,meyern,naz,0.5145347760360325
pr_20885_22777,0.5136523113282594,20885,22777,freq,diozera,0.5136523113282594
pr_9618_13670,-0.5133484175480009,9618,13670,nexa,nawwk,0.5133484175480009
pr_18670_23047,0.506724281324474,18670,23047,sellter,sdaim,0.506724281324474
pr_13170_13843,0.4975896019176303,13170,13843,kwezz,lucky,0.4975896019176303
pr_13170_16723,0.4975896019176301,13170,16723,kwezz,cabbi,0.4975896019176301
pr_13170_16731,0.4975896019176298,13170,16731,kwezz,iceberg,0.4975896019176298
pr_11154_19750,0.4952087992827412,11154,19750,exit,drop,0.4952087992827412
pr_19750_21037,0.4952087992827411,19750,21037,drop,insani,0.4952087992827411
pr_18835_19750,0.4952087992827409,18835,19750,saffee,drop,0.4952087992827409
pr_10570_20219,0.49469685978301026,10570,20219,dzt,xns,0.49469685978301026
pr_20534_22930,0.49118741735761096,20534,22930,kiro,tex1y,0.49118741735761096
pr_3459_22930,0.4911874173576107,3459,22930,kinqie,tex1y,0.4911874173576107
pr_22927_22930,0.4911874173576105,22927,22930,executor,tex1y,0.4911874173576105
pr_11219_17145,0.4908467293832269,11219,17145,cerq,rainwaker,0.4908467293832269
pr_10264_16705,0.4835702829420282,10264,16705,niko,altekz,0.4835702829420282
pr_10330_16705,0.4835702829420279,10330,16705,acor,altekz,0.4835702829420279
pr_23047_23360,0.4795614338639829,23047,23360,sdaim,easy,0.4795614338639829
pr_19920_20357,0.46366842800764224,19920,20357,kair0n,d1ledez,0.46366842800764224
pr_12004_17508,0.4635793723413055,12004,17508,clax,glowiing,0.4635793723413055
pr_12004_20357,0.46357937234130525,12004,20357,clax,d1ledez,0.46357937234130525
pr_12004_14273,0.46357937234130514,12004,14273,clax,idisbalance,0.46357937234130514
pr_16693_18221,0.45965497387615156,16693,18221,flamez,spinx,0.45965497387615156
pr_11893_18221,0.4596549738761515,11893,18221,zywoo,spinx,0.4596549738761515
pr_7322_18221,0.4596549738761512,7322,18221,apex,spinx,0.4596549738761512
pr_9219_19869,-0.45897461012021756,9219,19869,felps,try,0.45897461012021756
pr_19750_20987,0.457945587174961,19750,20987,drop,brnz4n,0.457945587174961
pr_16848_20794,-0.4548195162935951,16848,20794,hades,leen,0.4548195162935951
pr_20462_20464,0.4546369335128364,20462,20464,story,ewjerkz,0.4546369335128364
pr_630_20464,0.45463693351283574,630,20464,mutiris,ewjerkz,0.45463693351283574
pr_2241_20464,0.45463693351283563,2241,20464,roman,ewjerkz,0.45463693351283563
pr_17508_22803,0.452105556875969,17508,22803,glowiing,bl1x1,0.452105556875969
pr_1206_21213,-0.45176574212809884,1206,21213,btn,ersin,0.45176574212809884
pr_18506_19920,0.4445428383720671,18506,19920,s1ren,kair0n,0.4445428383720671
pr_1206_19817,0.44265510377014045,1206,19817,btn,s0und,0.44265510377014045
pr_2476_20813,-0.44011862899632825,2476,20813,emi,vldn,0.44011862899632825
pr_21100_22777,0.4398745587746654,21100,22777,zede,diozera,0.4398745587746654
pr_22777_22956,0.4398745587746654,22777,22956,diozera,lash,0.4398745587746654
pr_21100_22956,0.43987455877466536,21100,22956,zede,lash,0.43987455877466536
pr_16885_19733,0.43854674474363037,16885,19733,woro2k,demqq,0.43854674474363037
pr_20994_21439,0.4370150715277865,20994,21439,fl4mus,icy,0.4370150715277865
pr_8248_21139,0.43302299234784036,8248,21139,jkaem,pr1metapz,0.43302299234784036
pr_16885_23414,0.4330052618132891,16885,23414,woro2k,jackasmo,0.4330052618132891
pr_16885_17008,0.433005261813289,16885,17008,woro2k,topa,0.433005261813289
pr_19733_23414,0.4330052618132886,19733,23414,demqq,jackasmo,0.4330052618132886
pr_17008_19733,0.4330052618132883,17008,19733,topa,demqq,0.4330052618132883
pr_13669_20119,0.4292196323436317,13669,20119,jackinho,nilo,0.4292196323436317
pr_9766_20813,0.4272611296535564,9766,20813,hampus,vldn,0.4272611296535564
pr_14932_20813,0.4272611296535557,14932,20813,faven,vldn,0.4272611296535557
pr_11110_23397,-0.42443069572382,11110,23397,golden,poiii,0.42443069572382
pr_11213_18140,0.4220162522982856,11213,18140,delboni,f4stzin,0.4220162522982856
pr_12027_16948,0.4215830229815343,12027,16948,krad,travis,0.4215830229815343
pr_429_11816,0.4207865520466302,429,11816,karrigan,ropz,0.4207865520466302
pr_11816_18053,0.42078655204662985,11816,18053,ropz,broky,0.42078655204662985
pr_9960_11816,0.42078655204662957,9960,11816,frozen,ropz,0.42078655204662957
pr_8183_11816,0.4207865520466295,8183,11816,rain,ropz,0.4207865520466295
pr_16645_23551,0.4202043827843168,16645,23551,drg,tomate,0.4202043827843168
pr_16645_18743,0.42020438278431677,16645,18743,drg,nython,0.42020438278431677
pr_16885_21452,0.416122670690427,16885,21452,woro2k,kvem,0.416122670690427
pr_8327_20637,-0.41592658238887426,8327,20637,furlan,b1elany,0.41592658238887426
pr_16717_17956,0.4120749609485306,16717,17956,br0,jabbi,0.4120749609485306
pr_10994_16717,0.4120749609485306,10994,16717,stavn,br0,0.4120749609485306
pr_16717_20304,0.41207496094853047,16717,20304,br0,staehr,0.41207496094853047
pr_13157_19235,0.4107568774249086,13157,19235,jerry,belchonokk,0.4107568774249086
pr_22880_22884,0.4098865317038854,22880,22884,m1quse,gr1ks,0.4098865317038854
pr_16816_20026,0.4037737394419168,16816,20026,vsm,chayjesus,0.4037737394419168
pr_15698_17585,0.39925359268808075,15698,17585,dumau,b4rtin,0.39925359268808075
pr_17585_19045,0.39925359268808064,17585,19045,b4rtin,latto,0.39925359268808064
pr_9219_22564,0.3984755888550819,9219,22564,felps,noway,0.3984755888550819
pr_9219_20183,0.39847558885508183,9219,20183,felps,decenty,0.39847558885508183
pr_9219_12822,0.3984755888550816,9219,12822,felps,vini,0.3984755888550816
pr_6593_22362,0.3982154570345651,6593,22362,pkl,xureba,0.3982154570345651
pr_16817_22362,0.3982154570345494,16817,22362,hardzao,xureba,0.3982154570345494
pr_9618_19230,0.3965084871020986,9618,19230,nexa,m0nesy,0.3965084871020986
pr_20283_20309,0.394815923187579,20283,20309,tomiko,bnox,0.394815923187579
pr_11891_22011,0.39370433301300684,11891,22011,phr,kadziu,0.39370433301300684
pr_7412_21972,0.39194864959681547,7412,21972,gla1ve,neityu,0.39194864959681547
pr_12731_21972,0.39194864959681547,12731,21972,sdy,neityu,0.39194864959681547
pr_7592_7964,0.39188081023276605,7592,7964,device,cadian,0.39188081023276605
pr_20447_21113,0.3909484885529332,20447,21113,heavygod,modo,0.3909484885529332
pr_9216_19750,0.389251279386138,9216,19750,coldzera,drop,0.389251279386138
pr_22126_22181,-0.38843909509150987,22126,22181,nyezin,urban0,0.38843909509150987
pr_18875_22126,-0.3884390950915096,18875,22126,ricioli,nyezin,0.3884390950915096
pr_16954_22126,-0.38843909509150937,16954,22126,yepz,nyezin,0.38843909509150937
pr_15573_17116,0.3843196132147406,15573,17116,ciocardau,ragga,0.3843196132147406
pr_13670_18571,-0.3839498947290038,13670,18571,nawwk,cypher,0.3839498947290038
pr_16835_17181,-0.38213581598104157,16835,17181,ponter,naitte,0.38213581598104157
pr_14394_16835,-0.3821358159810415,14394,16835,tuurtle,ponter,0.3821358159810415
pr_14390_16835,-0.38213581598104135,14390,16835,wood7,ponter,0.38213581598104135
pr_16835_20897,-0.38213581598104135,16835,20897,ponter,matios,0.38213581598104135
pr_9656_16885,0.37426230878585975,9656,16885,hadji,woro2k,0.37426230878585975
pr_20245_22047,0.3734957055723141,20245,22047,samey,yxngstxr,0.3734957055723141
pr_19187_20245,0.3734957055723139,19187,20245,xfl0ud,samey,0.3734957055723139
pr_13239_22929,0.37302901044681325,13239,22929,qikert,nota,0.37302901044681325
pr_13239_13776,0.3730290104468129,13239,13776,qikert,jame,0.3730290104468129
pr_9483_18743,0.36413509645589487,9483,18743,destiny,nython,0.36413509645589487
pr_13250_17372,0.36315461398186216,13250,17372,ben1337,fang,0.36315461398186216
pr_23047_23783,0.36296574690129496,23047,23783,sdaim,fineshine52,0.36296574690129496
pr_18670_23783,0.3629657469012945,18670,23783,sellter,fineshine52,0.3629657469012945
pr_10330_20090,0.3593680687832386,10330,20090,acor,zyphon,0.3593680687832386
pr_22535_23628,-0.3539085217875391,22535,23628,dwushka,kusme,0.3539085217875391
pr_19044_20941,0.35343246379473625,19044,20941,f1ku,buzz,0.35343246379473625
pr_20941_21983,0.35343246379473575,20941,21983,buzz,chr1zn,0.35343246379473575
pr_19044_21983,0.35343246379473564,19044,21983,f1ku,chr1zn,0.35343246379473564
pr_13776_20101,0.3514315578803121,13776,20101,jame,fame,0.3514315578803121
pr_12732_16612,0.35143155788031194,12732,16612,fl1t,n0rb3r7,0.35143155788031194
pr_12732_13776,0.35143155788031194,12732,13776,fl1t,jame,0.35143155788031194
pr_16612_20101,0.3514315578803119,16612,20101,n0rb3r7,fame,0.3514315578803119
pr_13776_16612,0.35143155788031144,13776,16612,jame,n0rb3r7,0.35143155788031144
pr_8374_19926,0.3496852632346652,8374,19926,bodyy,afro,0.3496852632346652
pr_8371_19509,0.3488487364934687,8371,19509,alex,dav1g,0.3488487364934687
pr_8371_9254,0.3488487364934683,8371,9254,alex,mopoz,0.3488487364934683
pr_8371_18749,0.3488487364934682,8371,18749,alex,sausol,0.3488487364934682
pr_14390_20084,0.3456064414917416,14390,20084,wood7,togs,0.3456064414917416
pr_17181_20084,0.34560644149174136,17181,20084,naitte,togs,0.34560644149174136
pr_21816_22563,0.3420033879968716,21816,22563,gizmy,fnl,0.3420033879968716
pr_16835_20026,0.3370034677128018,16835,20026,ponter,chayjesus,0.3370034677128018
pr_20522_22362,0.3367995664218921,20522,22362,gbb,xureba,0.3367995664218921
pr_17504_19733,0.3364974915778049,17504,19733,kei,demqq,0.3364974915778049
pr_19733_20794,-0.33589386536307553,19733,20794,demqq,leen,0.33589386536307553
pr_8248_9618,0.3309998914791961,8248,9618,jkaem,nexa,0.3309998914791961
pr_18706_20564,-0.3298607967076933,18706,20564,freshie,d4rty,0.3298607967076933
pr_15176_20564,-0.3298607967076931,15176,20564,cryptic,d4rty,0.3298607967076931
pr_13497_19738,0.3296781340833361,13497,19738,lucky,djoko,0.3296781340833361
pr_7266_12708,0.3290788405317909,7266,12708,syrson,rigon,0.3290788405317909
pr_5794_12708,0.3290788405317907,5794,12708,tabsen,rigon,0.3290788405317907
pr_12708_19899,0.32907884053179054,12708,19899,rigon,krimbo,0.32907884053179054
pr_12708_14929,0.3290788405317905,12708,14929,rigon,jdc,0.3290788405317905
pr_20994_22460,0.3259224660760296,20994,22460,fl4mus,riskyb0b,0.3259224660760296
pr_20994_23317,0.3259224660760296,20994,23317,fl4mus,khan,0.3259224660760296
pr_20994_21266,0.3259224660760295,20994,21266,fl4mus,1eer,0.3259224660760295
pr_20387_20994,0.3259224660760294,20387,20994,xant3r,fl4mus,0.3259224660760294
pr_16080_19114,0.32101230668120156,16080,19114,dycha,kylar,0.32101230668120156
pr_8327_22011,0.3182756031078029,8327,22011,furlan,kadziu,0.3182756031078029
pr_15698_20563,0.3168768387477157,15698,20563,dumau,lux,0.3168768387477157
pr_15698_19686,0.31687683874771566,15698,19686,dumau,n1ssim,0.31687683874771566
pr_19045_19686,0.31687683874771533,19045,19686,latto,n1ssim,0.31687683874771533
pr_19686_22965,0.3168768387477153,19686,22965,n1ssim,saadzin,0.3168768387477153
pr_19045_20563,0.3168768387477152,19045,20563,latto,lux,0.3168768387477152
pr_20563_22965,0.31687683874771516,20563,22965,lux,saadzin,0.31687683874771516
pr_15203_20761,0.31382084584904807,15203,20761,reiko,launx,0.31382084584904807
pr_22471_23047,0.3066652265181129,22471,23047,xielo,sdaim,0.3066652265181129
pr_16705_20090,0.3065256203913188,16705,20090,altekz,zyphon,0.3065256203913188
pr_13239_16948,0.30456142298717415,13239,16948,qikert,travis,0.30456142298717415
pr_10827_17028,0.3045361880525745,10827,17028,prt,abr,0.3045361880525745
pr_22842_23643,0.29990271007495783,22842,23643,kensizor,esenthial,0.29990271007495783
pr_21708_22842,0.2999027100749577,21708,22842,npl,kensizor,0.2999027100749577
pr_20112_22842,0.29990271007495767,20112,22842,alex666,kensizor,0.29990271007495767
pr_19592_22842,0.2999027100749575,19592,22842,headtr1ck,kensizor,0.2999027100749575
pr_19065_20119,0.2989801680938964,19065,20119,shine,nilo,0.2989801680938964
pr_19065_21164,0.29898016809389616,19065,21164,shine,l00m1,0.29898016809389616
pr_19065_20878,0.2989801680938961,19065,20878,shine,adamb,0.2989801680938961
pr_14218_19065,0.29898016809389466,14218,19065,plopski,shine,0.29898016809389466
pr_20283_20284,0.29814156851189627,20283,20284,tomiko,maaryy,0.29814156851189627
pr_922_9032,0.29769525715821,922,9032,snappi,magisk,0.29769525715821
pr_19750_21288,0.29712510345550086,19750,21288,drop,venomzera,0.29712510345550086
pr_20283_24179,0.28897232287197955,20283,24179,tomiko,spavaqu,0.28897232287197955
pr_20309_24179,0.2889723228719792,20309,24179,bnox,spavaqu,0.2889723228719792
pr_21142_24179,0.28897232287197905,21142,24179,masked,spavaqu,0.28897232287197905
pr_20284_24179,0.2889723228719788,20284,24179,maaryy,spavaqu,0.2889723228719788
pr_16848_20282,0.28665517405696345,16848,20282,hades,krasnal,0.28665517405696345
pr_16948_21439,0.28656893858586485,16948,21439,travis,icy,0.28656893858586485
pr_11213_16814,-0.28355385505315767,11213,16814,delboni,danoco,0.28355385505315767
pr_11213_18891,-0.2835538550531574,11213,18891,delboni,cutzmeretz,0.2835538550531574
pr_19673_22884,0.2795013653284789,19673,22884,patsi,gr1ks,0.2795013653284789
pr_19882_22884,0.2795013653284788,19882,22884,norwi,gr1ks,0.2795013653284788
pr_19673_19882,0.27950136532847863,19673,19882,patsi,norwi,0.27950136532847863
pr_19236_19673,0.2795013653284785,19236,19673,kensi,patsi,0.2795013653284785
pr_19236_22884,0.2795013653284785,19236,22884,kensi,gr1ks,0.2795013653284785
pr_12945_19069,0.27752674004086797,12945,19069,blytz,forsyy,0.27752674004086797
pr_12945_19815,0.2775267400408679,12945,19815,blytz,dytor,0.2775267400408679
pr_9911_12945,0.27752674004086786,9911,12945,kreaz,blytz,0.27752674004086786
pr_22803_22880,0.27283922659765825,22803,22880,bl1x1,m1quse,0.27283922659765825
pr_14394_18322,0.2723531276588789,14394,18322,tuurtle,kaiser,0.2723531276588789
pr_14737_18322,0.2723531276588789,14737,18322,meyern,kaiser,0.2723531276588789
pr_14394_20690,0.2723531276588788,14394,20690,tuurtle,zock,0.2723531276588788
pr_14737_20690,0.27235312765887876,14737,20690,meyern,zock,0.27235312765887876
pr_14394_14737,0.2723531276588785,14394,14737,tuurtle,meyern,0.2723531276588785
pr_18322_20690,0.27235312765887804,18322,20690,kaiser,zock,0.27235312765887804
pr_17378_22921,0.2694630727159352,17378,22921,reck,lake,0.2694630727159352
pr_18610_20083,0.26901077644900784,18610,20083,detr0ittj,ninjaz,0.26901077644900784
pr_19926_20794,-0.2661821414886129,19926,20794,afro,leen,0.2661821414886129
pr_9656_19926,-0.2661821414886129,9656,19926,hadji,afro,0.2661821414886129
pr_9571_17918,-0.2631783705685589,9571,17918,cj-da-k1ng,nosrac,0.2631783705685589
pr_17553_20185,0.2631714963602989,17553,20185,pesadelo,cass1n,0.2631714963602989
pr_17553_18140,0.26317149636029885,17553,18140,pesadelo,f4stzin,0.26317149636029885
pr_16835_19750,0.2630190717300614,16835,19750,ponter,drop,0.2630190717300614
pr_16835_21288,0.2630190717300613,16835,21288,ponter,venomzera,0.2630190717300613
pr_9216_16835,0.2630190717300613,9216,16835,coldzera,ponter,0.2630190717300613
pr_9216_20085,0.26301907173006056,9216,20085,coldzera,kauez,0.26301907173006056
pr_20085_21288,0.2630190717300605,20085,21288,kauez,venomzera,0.2630190717300605
pr_19750_20085,0.2630190717300539,19750,20085,drop,kauez,0.2630190717300539
pr_15428_16080,0.26062596771896085,15428,16080,goofy,dycha,0.26062596771896085
pr_7412_16080,0.26062596771896085,7412,16080,gla1ve,dycha,0.26062596771896085
pr_16848_19114,0.2606259677189608,16848,19114,hades,kylar,0.2606259677189608
pr_15428_16848,0.26062596771896074,15428,16848,goofy,hades,0.26062596771896074
pr_10566_18676,0.2592086565154382,10566,18676,chelo,skullz,0.2592086565154382
pr_15631_18676,0.25920865651543806,15631,18676,kscerato,skullz,0.25920865651543806
pr_2023_18676,0.25920865651543806,2023,18676,fallen,skullz,0.25920865651543806
pr_12553_18676,0.25920865651543795,12553,18676,yuurih,skullz,0.25920865651543795
pr_20283_21142,0.259193061987341,20283,21142,tomiko,masked,0.259193061987341
pr_8565_9216,-0.2541525583916124,8565,9216,hen1,coldzera,0.2541525583916124
pr_14932_20300,-0.25362811105185384,14932,20300,faven,kraghen,0.25362811105185384
pr_21815_23372,0.25082235308752227,21815,23372,podi,xkacpersky,0.25082235308752227
pr_12731_23372,0.2508223530875221,12731,23372,sdy,xkacpersky,0.2508223530875221
pr_7412_23372,0.25082235308752193,7412,23372,gla1ve,xkacpersky,0.25082235308752193
pr_20402_21369,-0.25000269962195365,20402,21369,synyx,1nvisiblee,0.25000269962195365
pr_20948_21431,0.24411667671866838,20948,21431,lov1kus,sstinix,0.24411667671866838
pr_21431_22879,0.24411667671866819,21431,22879,sstinix,fenomen,0.24411667671866819
pr_19044_19064,0.23934526395487962,19044,19064,f1ku,spooke,0.23934526395487962
pr_20553_20606,0.23033604101668428,20553,20606,relentless,roy,0.23033604101668428
pr_10588_11139,0.22869103743616698,10588,11139,liazz,alistair,0.22869103743616698
pr_11139_17384,0.22869103743616676,11139,17384,alistair,vexite,0.22869103743616676
pr_9115_11139,0.22869103743616676,9115,11139,dexter,alistair,0.22869103743616676
pr_11139_11140,0.2286910374361667,11139,11140,alistair,ins,0.2286910374361667
pr_1206_15573,-0.22848881302324256,1206,15573,btn,ciocardau,0.22848881302324256
pr_22803_22884,0.22574914808344662,22803,22884,bl1x1,gr1ks,0.22574914808344662
pr_22884_23193,0.22574914808344654,22884,23193,gr1ks,vilby,0.22574914808344654
pr_22884_23302,0.2257491480834462,22884,23302,gr1ks,bluewh1te,0.2257491480834462
pr_8507_21163,0.22546387039619356,8507,21163,stanislaw,susp,0.22546387039619356
pr_8711_21163,0.22546387039619348,8711,21163,sonic,susp,0.22546387039619348
pr_21163_21665,0.22546387039619334,21163,21665,susp,jba,0.22546387039619334
pr_19694_20171,-0.22034356130707494,19694,20171,nqz,snow,0.22034356130707494
pr_17316_21362,0.21991188505082362,17316,21362,vert,truniq,0.21991188505082362
pr_20941_21113,-0.21142115848085022,20941,21113,buzz,modo,0.21142115848085022
pr_21113_21983,-0.2114211584808501,21113,21983,modo,chr1zn,0.2114211584808501
pr_14736_20607,0.2102650253106303,14736,20607,dgt,buda,0.2102650253106303
pr_20607_22613,0.21026502531063024,20607,22613,buda,huasopeek,0.21026502531063024
pr_20607_21239,0.21026502531063024,20607,21239,buda,martinezsa,0.21026502531063024
pr_12092_20607,0.2102650253106302,12092,20607,max,buda,0.2102650253106302
pr_14736_22613,0.21026502531063015,14736,22613,dgt,huasopeek,0.21026502531063015
pr_14736_21239,0.21026502531063007,14736,21239,dgt,martinezsa,0.21026502531063007
pr_12092_14736,0.21026502531063004,12092,14736,max,dgt,0.21026502531063004
pr_18714_19692,0.20918386379093232,18714,19692,piriajr,zevy,0.20918386379093232
pr_17003_23140,0.20916261478031586,17003,23140,snapy,krazy,0.20916261478031586
pr_19235_22929,0.2048541598196086,19235,22929,belchonokk,nota,0.2048541598196086
pr_13776_19235,0.20485415981960858,13776,19235,jame,belchonokk,0.20485415981960858
pr_13776_22929,0.20485415981960858,13776,22929,jame,nota,0.20485415981960858
pr_20690_20885,0.2040961356117773,20690,20885,zock,freq,0.2040961356117773
pr_18322_20885,0.20409613561177709,18322,20885,kaiser,freq,0.20409613561177709
pr_14394_20885,0.20409613561177709,14394,20885,tuurtle,freq,0.20409613561177709
pr_14737_20885,0.20409613561177697,14737,20885,meyern,freq,0.20409613561177697
pr_13239_19673,-0.20332905714213084,13239,19673,qikert,patsi,0.20332905714213084
pr_19673_21348,-0.20332905714213081,19673,21348,patsi,artfr0st,0.20332905714213081
pr_13239_21348,-0.20332905714213065,13239,21348,qikert,artfr0st,0.20332905714213065
pr_17117_21816,0.196826722185408,17117,21816,shield,gizmy,0.196826722185408
pr_9254_18749,0.19623526880260733,9254,18749,mopoz,sausol,0.19623526880260733
pr_18749_19509,0.19623526880260728,18749,19509,sausol,dav1g,0.19623526880260728
pr_12004_19236,-0.19061907843171166,12004,19236,clax,kensi,0.19061907843171166
pr_12004_19882,-0.19061907843171058,12004,19882,clax,norwi,0.19061907843171058
pr_17585_22965,-0.1894471268843873,17585,22965,b4rtin,saadzin,0.1894471268843873
pr_9482_22965,-0.18944712688438722,9482,22965,nekiz,saadzin,0.18944712688438722
pr_13138_19738,0.1893836627020535,13138,19738,maka,djoko,0.1893836627020535
pr_19738_19739,0.1893836627020534,19738,19739,djoko,ex3rcice,0.1893836627020534
pr_16816_18891,0.1877029004205188,16816,18891,vsm,cutzmeretz,0.1877029004205188
pr_16814_16816,0.18770290042051874,16814,16816,danoco,vsm,0.18770290042051874
pr_16814_18891,0.18770290042051868,16814,18891,danoco,cutzmeretz,0.18770290042051868
pr_14218_20878,-0.18664255841382724,14218,20878,plopski,adamb,0.18664255841382724
pr_8918_13776,-0.18454947789447962,8918,13776,electronic,jame,0.18454947789447962
pr_8918_16612,-0.18454947789447954,8918,16612,electronic,n0rb3r7,0.18454947789447954
pr_19509_19698,0.18405949814214567,19509,19698,dav1g,adams,0.18405949814214567
pr_9254_19698,0.18405949814214562,9254,19698,mopoz,adams,0.18405949814214562
pr_18790_21139,-0.18300418731164844,18790,21139,cacanito,pr1metapz,0.18300418731164844
pr_9766_20878,-0.18286215760745467,9766,20878,hampus,adamb,0.18286215760745467
pr_8520_18676,0.18194696633174656,8520,18676,naf,skullz,0.18194696633174656
pr_7964_18676,0.1819469663317465,7964,18676,cadian,skullz,0.1819469663317465
pr_10394_18676,0.1819469663317465,10394,18676,twistzz,skullz,0.1819469663317465
pr_7964_10394,0.18194696633174645,7964,10394,cadian,twistzz,0.18194696633174645
pr_7964_13915,0.18194696633174642,7964,13915,cadian,yekindar,0.18194696633174642
pr_13915_18676,0.1819469663317464,13915,18676,yekindar,skullz,0.1819469663317464
pr_7964_8520,0.18194696633174623,7964,8520,cadian,naf,0.18194696633174623
pr_7266_19284,0.17845526814337684,7266,19284,syrson,prosus,0.17845526814337684
pr_20577_22404,-0.17727851780902845,20577,22404,bruninho,cerolzin,0.17727851780902845
pr_11271_15117,-0.17439302149660468,11271,15117,smooya,keoz,0.17439302149660468
pr_14737_20394,-0.17291284127336917,14737,20394,meyern,luchov,0.17291284127336917
pr_2161_14737,-0.17291284127336876,2161,14737,noktse,meyern,0.17291284127336876
pr_14737_22570,-0.17291284127336837,14737,22570,meyern,tomaszin,0.17291284127336837
pr_18743_20522,0.1707289198038335,18743,20522,nython,gbb,0.1707289198038335
pr_18743_23551,0.1707289198038335,18743,23551,nython,tomate,0.1707289198038335
pr_9483_23551,0.1707289198038334,9483,23551,destiny,tomate,0.1707289198038334
pr_20522_23551,0.1707289198038333,20522,23551,gbb,tomate,0.1707289198038333
pr_18717_20026,0.16649847562537498,18717,20026,lucaozy,chayjesus,0.16649847562537498
pr_19692_20026,0.16649847562537495,19692,20026,zevy,chayjesus,0.16649847562537495
pr_18141_18865,0.16520875315207906,18141,18865,biguzera,dav1deus,0.16520875315207906
pr_22471_23783,0.1629066920949515,22471,23783,xielo,fineshine52,0.1629066920949515
pr_14929_20170,0.16016476289104503,14929,20170,jdc,kyuubii,0.16016476289104503
pr_5794_20170,0.1601647628910449,5794,20170,tabsen,kyuubii,0.1601647628910449
pr_19899_20170,0.16016476289104487,19899,20170,krimbo,kyuubii,0.16016476289104487
pr_17316_22039,0.15946622958407278,17316,22039,vert,danistzz,0.15946622958407278
pr_17316_19575,0.15946622958407264,17316,19575,vert,x5g7v,0.15946622958407264
pr_18610_19991,0.15860420804493258,18610,19991,detr0ittj,hoax,0.15860420804493258
pr_9626_19817,-0.1562026477807684,9626,19817,xellow,s0und,0.1562026477807684
pr_17116_19817,-0.1562026477807683,17116,19817,ragga,s0und,0.1562026477807683
pr_11219_20813,0.153380061840357,11219,20813,cerq,vldn,0.153380061840357
pr_9766_11219,0.1533800618403567,9766,11219,hampus,cerq,0.1533800618403567
pr_12521_18714,0.15329029167330616,12521,18714,art,piriajr,0.15329029167330616
pr_18714_20385,0.1532902916733059,18714,20385,piriajr,kye,0.1532902916733059
pr_14390_14394,-0.15080669620652631,14390,14394,wood7,tuurtle,0.15080669620652631
pr_14394_17181,-0.15080669620652595,14394,17181,tuurtle,naitte,0.15080669620652595
pr_14394_20897,-0.15080669620652556,14394,20897,tuurtle,matios,0.15080669620652556
pr_13670_18790,0.14859294744299256,13670,18790,nawwk,cacanito,0.14859294744299256
pr_20462_20465,0.14838326810895813,20462,20465,story,arrozdoce,0.14838326810895813
pr_630_20465,0.148383268108958,630,20465,mutiris,arrozdoce,0.148383268108958
pr_17011_20357,0.14217718035865307,17011,20357,shalfey,d1ledez,0.14217718035865307
pr_8371_20425,0.14210212247006299,8371,20425,alex,r1nkle,0.14210212247006299
pr_8371_20879,0.14210212247006299,8371,20879,alex,maxster,0.14210212247006299
pr_20425_20879,0.14210212247006293,20425,20879,r1nkle,maxster,0.14210212247006293
pr_21452_23414,0.14071848286815306,21452,23414,kvem,jackasmo,0.14071848286815306
pr_20029_22082,-0.13758392774465572,20029,22082,card,fokiu,0.13758392774465572
pr_16948_19235,0.1363865723600555,16948,19235,travis,belchonokk,0.1363865723600555
pr_13776_16948,0.13638657236005547,13776,16948,jame,travis,0.13638657236005547
pr_15573_21213,-0.13614897710208643,15573,21213,ciocardau,ersin,0.13614897710208643
pr_8488_14388,0.13121571673856247,8488,14388,zedko,the-elive,0.13121571673856247
pr_12004_20113,-0.12961389501228074,12004,20113,clax,deko,0.12961389501228074
pr_12004_13240,-0.12961389501228068,12004,13240,clax,lack1,0.12961389501228068
pr_11739_17553,0.12834450819660023,11739,17553,shz,pesadelo,0.12834450819660023
pr_22364_22956,-0.1257936946677223,22364,22956,j0w,lash,0.1257936946677223
pr_22956_22957,-0.12579369466772225,22956,22957,lash,stax,0.12579369466772225
pr_19733_21217,-0.12474455161256459,19733,21217,demqq,ryu,0.12474455161256459
pr_17508_20709,-0.12333728601043333,17508,20709,glowiing,r3salt,0.12333728601043333
pr_14273_20709,-0.12333728601042322,14273,20709,idisbalance,r3salt,0.12333728601042322
pr_22803_23302,0.12321660932312456,22803,23302,bl1x1,bluewh1te,0.12321660932312456
pr_22803_23193,0.12321660932312418,22803,23193,bl1x1,vilby,0.12321660932312418
pr_13843_20090,0.12228926635789437,13843,20090,lucky,zyphon,0.12228926635789437
pr_19733_21452,-0.12194498862857693,19733,21452,demqq,kvem,0.12194498862857693
pr_18875_22181,0.12071275271202321,18875,22181,ricioli,urban0,0.12071275271202321
pr_19817_21213,-0.11994168806347423,19817,21213,s0und,ersin,0.11994168806347423
pr_17117_21217,0.11964556931935104,17117,21217,shield,ryu,0.11964556931935104
pr_17117_22563,0.11964556931935093,17117,22563,shield,fnl,0.11964556931935093
pr_17117_20794,0.11964556931935082,17117,20794,shield,leen,0.11964556931935082
pr_20447_20872,0.11850121901914701,20447,20872,heavygod,nexius,0.11850121901914701
pr_19044_20447,0.11850121901914676,19044,20447,f1ku,heavygod,0.11850121901914676
pr_21362_22039,0.1150744552673901,21362,22039,truniq,danistzz,0.1150744552673901
pr_20956_21362,0.11507445526739006,20956,21362,fozil,truniq,0.11507445526739006
pr_16885_20282,-0.1133841680001624,16885,20282,woro2k,krasnal,0.1133841680001624
pr_20171_20563,-0.11287403944370925,20171,20563,snow,lux,0.11287403944370925
pr_16817_18865,0.11065824430370508,16817,18865,hardzao,dav1deus,0.11065824430370508
pr_18865_20171,-0.10746952186334548,18865,20171,dav1deus,snow,0.10746952186334548
pr_18865_19694,-0.10746952186334535,18865,19694,dav1deus,nqz,0.10746952186334535
pr_12945_19594,0.10552100930344091,12945,19594,blytz,nbqq,0.10552100930344091
pr_17116_20761,0.10396968489704242,17116,20761,ragga,launx,0.10396968489704242
pr_9626_20761,0.10396968489704216,9626,20761,xellow,launx,0.10396968489704216
pr_12521_20026,0.09972820389619923,12521,20026,art,chayjesus,0.09972820389619923
pr_16599_22921,0.09913267560736339,16599,22921,swisher,lake,0.09913267560736339
pr_20104_22921,0.09913267560736333,20104,22921,s1n,lake,0.09913267560736333
pr_15370_22921,0.09913267560736332,15370,22921,slaxz,lake,0.09913267560736332
pr_18571_21139,-0.09670063088592679,18571,21139,cypher,pr1metapz,0.09670063088592679
pr_13670_21139,-0.09670063088592669,13670,21139,nawwk,pr1metapz,0.09670063088592669
pr_19972_20885,-0.09307111516484991,19972,20885,ckzao,freq,0.09307111516484991
pr_18717_20987,-0.08877027588885032,18717,20987,lucaozy,brnz4n,0.08877027588885032
pr_9278_20425,-0.08719195676270208,9278,20425,rez,r1nkle,0.08719195676270208
pr_9216_18865,-0.08206547368024754,9216,18865,coldzera,dav1deus,0.08206547368024754
pr_9216_18743,-0.08206547368024733,9216,18743,coldzera,nython,0.08206547368024733
pr_8371_11205,-0.08120113284608074,8371,11205,alex,stadodo,0.08120113284608074
pr_17028_22125,-0.07920018810159764,17028,22125,abr,lich,0.07920018810159764
pr_23046_23414,0.07781524990074919,23046,23414,jambo,jackasmo,0.07781524990074919
pr_20254_22922,0.07235218682806395,20254,22922,starry,emiliaqaq,0.07235218682806395
pr_18744_20254,0.07235218682806391,18744,20254,z4kr,starry,0.07235218682806391
pr_16551_20254,0.07235218682806388,16551,20254,westmelon,starry,0.07235218682806388
pr_14394_20577,0.06825699204709378,14394,20577,tuurtle,bruninho,0.06825699204709378
pr_20577_20690,0.06825699204709376,20577,20690,bruninho,zock,0.06825699204709376
pr_18322_20577,0.06825699204709372,18322,20577,kaiser,bruninho,0.06825699204709372
pr_14737_20577,0.06825699204709372,14737,20577,meyern,bruninho,0.06825699204709372
pr_21099_21284,0.065409746484494,21099,21284,bsd,happ,0.065409746484494
pr_14010_21099,0.065409746484494,14010,21099,zmb,bsd,0.065409746484494
pr_9766_21164,0.06313365349003562,9766,21164,hampus,l00m1,0.06313365349003562
pr_17937_21164,0.06313365349003557,17937,21164,isak,l00m1,0.06313365349003557
pr_9766_14218,0.06313365349003536,9766,14218,hampus,plopski,0.06313365349003536
pr_17450_22048,-0.059231408014844764,17450,22048,sense,tapewaare,0.059231408014844764
pr_20956_22039,0.05462879980070531,20956,22039,fozil,danistzz,0.05462879980070531
pr_13287_18322,-0.052912478989705185,13287,18322,bnc,kaiser,0.052912478989705185
pr_9220_18322,-0.05291247898970514,9220,18322,shoowtime,kaiser,0.05291247898970514
pr_18322_21038,-0.05291247898970512,18322,21038,kaiser,reix,0.05291247898970512
pr_18141_20171,0.05233471370835062,18141,20171,biguzera,snow,0.05233471370835062
pr_18717_18835,-0.05150706378105101,18717,18835,lucaozy,saffee,0.05150706378105101
pr_18717_21037,-0.05150706378105084,18717,21037,lucaozy,insani,0.05150706378105084
pr_11154_18717,-0.0515070637810508,11154,18717,exit,lucaozy,0.0515070637810508
pr_16723_20090,-0.04667248129910546,16723,20090,cabbi,zyphon,0.04667248129910546
pr_16731_20090,-0.04220826572813178,16731,20090,iceberg,zyphon,0.04220826572813178
pr_10828_20219,0.04207208011100387,10828,20219,dok,xns,0.04207208011100387
pr_14218_20119,-0.041411142455979974,14218,20119,plopski,nilo,0.041411142455979974
pr_18717_19750,0.03726321210784763,18717,19750,lucaozy,drop,0.03726321210784763
pr_16921_18506,0.034346135118142065,16921,18506,nafany,s1ren,0.034346135118142065
pr_20085_20171,0.030858015843440164,20085,20171,kauez,snow,0.030858015843440164
pr_20029_22964,-0.02757847981216433,20029,22964,card,stormzyn,0.02757847981216433
pr_20357_20709,0.025753645956023433,20357,20709,d1ledez,r3salt,0.025753645956023433
pr_18221_18462,-0.025148786455624725,18221,18462,spinx,mezii,0.025148786455624725
pr_16954_21099,0.02121500786777261,16954,21099,yepz,bsd,0.02121500786777261
pr_18875_21099,0.02121500786777238,18875,21099,ricioli,bsd,0.02121500786777238
pr_21099_22181,0.021215007867772376,21099,22181,bsd,urban0,0.021215007867772376
pr_8371_9278,0.018280038789950326,8371,9278,alex,rez,0.018280038789950326
pr_19692_22366,0.017207265963323688,19692,22366,zevy,nicks,0.017207265963323688
pr_8565_21288,-0.016089555463280288,8565,21288,hen1,venomzera,0.016089555463280288
pr_20252_20813,-0.01569110760925894,20252,20813,kind0,vldn,0.01569110760925894
pr_20253_20813,-0.01569110760925869,20253,20813,dragon,vldn,0.01569110760925869
pr_13026_20813,-0.01569110760925842,13026,20813,c0llins,vldn,0.01569110760925842
pr_20029_21286,-0.01566276999248803,20029,21286,card,mlhzin,0.01566276999248803
pr_21286_21700,-0.015662769992487967,21286,21700,mlhzin,brn,0.015662769992487967
pr_20309_22039,0.014623194938639755,20309,22039,bnox,danistzz,0.014623194938639755
pr_20284_22039,0.014623194938639743,20284,22039,maaryy,danistzz,0.014623194938639743
pr_12945_20284,0.014623194938639736,12945,20284,blytz,maaryy,0.014623194938639736
pr_21142_22039,0.014623194938639731,21142,22039,masked,danistzz,0.014623194938639731
pr_12945_20309,0.01462319493863969,12945,20309,blytz,bnox,0.01462319493863969
pr_12945_22039,0.014623194938639682,12945,22039,blytz,danistzz,0.014623194938639682
pr_12945_21142,0.014623194938639682,12945,21142,blytz,masked,0.014623194938639682
pr_9626_15573,0.0042336471207117116,9626,15573,xellow,ciocardau,0.0042336471207117116
pr_18070_20018,-0.003460200597902541,18070,20018,demho,fr3nd,0.003460200597902541
pr_20084_22911,0.0017898405079487774,20084,22911,togs,doc,0.0017898405079487774
pr_20084_21921,0.0017898405079487766,20084,21921,togs,rdnzao,0.0017898405079487766
pr_16645_20084,0.0017898405079485639,16645,20084,drg,togs,0.0017898405079485639
pr_16645_21921,0.0017898405079484335,16645,21921,drg,rdnzao,0.0017898405079484335
pr_16645_22911,0.001789840507948427,16645,22911,drg,doc,0.001789840507948427
pr_7964_20304,0.0006641482020560105,7964,20304,cadian,staehr,0.0006641482020560105
pr_7964_17956,0.0006641482020559081,7964,17956,cadian,jabbi,0.0006641482020559081
pr_7964_10994,0.0006641482020558552,7964,10994,cadian,stavn,0.0006641482020558552
