player_col,rapm_score,hltv_player_id,hltv_slug,player_name,label
p_19164,2.3250463649008988,19164,sunpayus,sunpayus,sunpayus
p_21139,2.324646192620398,21139,pr1metapz,pr1metapz,pr1metapz
p_11816,2.2870929938162368,11816,ropz,ropz,ropz
p_19230,2.162436044352865,19230,m0nesy,m0nesy,m0nesy
p_3741,2.135348137490956,3741,niko,niko,niko
p_13915,2.078977996619967,13915,yekindar,yekindar,yekindar
p_16816,2.0776597822346,16816,vsm,vsm,vsm
p_23295,2.067803463718507,23295,kisserek,kisserek,kisserek
p_20423,2.0427679612468252,20423,zont1x,zont1x,zont1x
p_24144,1.994489901063813,24144,molodoy,molodoy,molodoy
p_22473,1.9391141891512256,22473,qlocuu,qlocuu,qlocuu
p_20563,1.8976697232746136,20563,lux,lux,lux
p_12822,1.871988317550068,12822,vini,vini,vini
p_22564,1.8719883175500547,22564,noway,noway,noway
p_11893,1.8592045962759223,11893,zywoo,zywoo,zywoo
p_16693,1.8592045962759107,16693,flamez,flamez,flamez
p_7322,1.8592045962758792,7322,apex,apex,apex
p_21286,1.8455784347312083,21286,mlhzin,mlhzin,mlhzin
p_16920,1.812300996352989,16920,sh1ro,sh1ro,sh1ro
p_21167,1.8123009963529544,21167,donk,donk,donk
p_7716,1.8123009963529533,7716,chopper,chopper,chopper
p_19235,1.750640855929332,19235,belchonokk,belchonokk,belchonokk
p_7687,1.7503869012760616,7687,nitr0,nitr0,nitr0
p_15662,1.7340937431838264,15662,zorte,zorte,zorte
p_19692,1.7284192209927713,19692,zevy,zevy,zevy
p_20690,1.704746153449945,20690,zock,zock,zock
p_7938,1.6726813250417067,7938,xantares,xantares,xantares
p_21170,1.6450804513181208,21170,koala,koala,koala
p_20761,1.6421933062973846,20761,launx,launx,launx
p_20357,1.629787602827937,20357,d1ledez,d1ledez,d1ledez
p_22326,1.626688351077735,22326,kaide,kaide,kaide
p_20903,1.6245571848532954,20903,senzu,senzu,senzu
p_20104,1.6151046981321382,20104,s1n,s1n,s1n
p_3972,1.5788511848645852,3972,hunter,hunter,hunter
p_19750,1.56820314175959,19750,drop,drop,drop
p_11219,1.5679556792015419,11219,cerq,cerq,cerq
p_22419,1.5547170767011156,22419,0samas,0samas,0samas
p_16486,1.5463818256199442,16486,ztr,ztr,ztr
p_23047,1.5462431256377427,23047,sdaim,sdaim,sdaim
p_18838,1.5433149742749068,18838,hext,hext,hext
p_21113,1.5070273821187974,21113,modo,modo,modo
p_20312,1.503468844300561,20312,xertion,xertion,xertion
p_18850,1.5034688443005504,18850,jimpphat,jimpphat,jimpphat
p_18072,1.5034688443005475,18072,torzsi,torzsi,torzsi
p_13666,1.5034688443005433,13666,brollan,brollan,brollan
p_20464,1.4994500842602037,20464,ewjerkz,ewjerkz,ewjerkz
p_22643,1.4983095737851886,22643,nifee,nifee,nifee
p_12521,1.4938935045329584,12521,art,art,art
p_21969,1.486460238830011,21969,graviti,graviti,graviti
p_7592,1.4853666232762146,7592,device,device,device
p_13776,1.4831314302029506,13776,jame,jame,jame
p_18743,1.4801181324521544,18743,nython,nython,nython
p_18221,1.4771111835172097,18221,spinx,spinx,spinx
p_20119,1.4666432361849822,20119,nilo,nilo,nilo
p_20254,1.4626918553930874,20254,starry,starry,starry
p_19882,1.4328416042495036,19882,norwi,norwi,norwi
p_20333,1.4282576271437928,20333,jeorge,jeorge,jeorge
p_19206,1.4092059543268538,19206,jl,jl,jl
p_20692,1.4026553530536594,20692,dea,dea,dea
p_22674,1.3967155841212209,22674,cmtry,cmtry,cmtry
p_17803,1.3946100250583768,17803,fear,fear,fear
p_12018,1.3928749407922785,12018,teses,teses,teses
p_19677,1.3928749407922625,19677,kyxsan,kyxsan,kyxsan
p_20097,1.3894241588742897,20097,h4rn,h4rn,h4rn
p_18987,1.3893611357168272,18987,b1t,b1t,b1t
p_20127,1.3893611357168234,20127,w0nderful,w0nderful,w0nderful
p_9816,1.3893611357168216,9816,aleksib,aleksib,aleksib
p_14759,1.3893611357168032,14759,im,im,im
p_22570,1.3843739607600911,22570,tomaszin,tomaszin,tomaszin
p_8738,1.3829763606689183,8738,elige,elige,elige
p_21972,1.377358711525826,21972,neityu,neityu,neityu
p_14932,1.3728527289051882,14932,faven,faven,faven
p_19874,1.3720623117536137,19874,masval,masval,masval
p_23600,1.3683472356256996,23600,alkaren,alkaren,alkaren
p_16599,1.3672099631649406,16599,swisher,swisher,swisher
p_15370,1.3672099631649404,15370,slaxz,slaxz,slaxz
p_24173,1.362323309528034,24173,tenzy,tenzy,tenzy
p_22673,1.359905407778653,22673,makazze,makazze,makazze
p_11617,1.3522542286539807,11617,malbsmd,malbsmd,malbsmd
p_4679,1.3368222977998867,4679,jks,jks,jks
p_19617,1.3339541212770363,19617,amster,amster,amster
p_20245,1.3269928367548924,20245,samey,samey,samey
p_24177,1.3184348469712472,24177,kyousuke,kyousuke,kyousuke
p_24203,1.3167929752266456,24203,jorko,jorko,jorko
p_21621,1.3126050429817724,21621,moseyuh,moseyuh,moseyuh
p_20026,1.312169605458169,20026,chayjesus,chayjesus,chayjesus
p_17117,1.3091215276933792,17117,shield,shield,shield
p_20194,1.306845996842609,20194,blitz,blitz,blitz
p_21001,1.3068459968425992,21001,mzinho,mzinho,mzinho
p_21809,1.3068459968425992,21809,910,910,910
p_20275,1.3068459968425932,20275,techno,techno,techno
p_22011,1.3064314725214137,22011,kadziu,kadziu,kadziu
p_20085,1.3061174475740058,20085,kauez,kauez,kauez
p_12708,1.301167023819998,12708,rigon,rigon,rigon
p_21710,1.3007797632461933,21710,notineki,notineki,notineki
p_16612,1.2970433355113469,16612,n0rb3r7,n0rb3r7,n0rb3r7
p_150,1.2808958383830453,150,maj3r,maj3r,maj3r
p_21243,1.280895838383019,21243,wicadia,wicadia,wicadia
p_8574,1.280895838383019,8574,woxic,woxic,woxic
p_21163,1.2803698538263457,21163,susp,susp,susp
p_14148,1.271481666976477,14148,sjuush,sjuush,sjuush
p_22076,1.2712723584108965,22076,aw,aw,aw
p_19846,1.2640301933475928,19846,clasia,clasia,clasia
p_21199,1.2627945452759044,21199,mistr,mistr,mistr
p_8248,1.2557663148271077,8248,jkaem,jkaem,jkaem
p_20879,1.2496234702562132,20879,maxster,maxster,maxster
p_16487,1.2460958126556057,16487,eraa,eraa,eraa
p_11739,1.2378886943972065,11739,shz,shz,shz
p_22703,1.2374693243104615,22703,moonwalk,moonwalk,moonwalk
p_16717,1.236510903766604,16717,br0,br0,br0
p_16848,1.2342776755145193,16848,hades,hades,hades
p_18462,1.2336259373595173,18462,mezii,mezii,mezii
p_22835,1.2252420148429568,22835,rekmeister,rekmeister,rekmeister
p_21763,1.22518573963398,21763,ultimate,ultimate,ultimate
p_20522,1.222023420495821,20522,gbb,gbb,gbb
p_20253,1.2215375668280528,20253,dragon,dragon,dragon
p_20304,1.2176131934863568,20304,staehr,staehr,staehr
p_17956,1.2176131934863434,17956,jabbi,jabbi,jabbi
p_23140,1.2128933973293472,23140,krazy,krazy,krazy
p_8183,1.2068001553563155,8183,rain,rain,rain
p_15071,1.2067291306908912,15071,interz,interz,interz
p_18141,1.2042240828754023,18141,biguzera,biguzera,biguzera
p_6904,1.2038334287200796,6904,styko,styko,styko
p_9911,1.2015205962936204,9911,kreaz,kreaz,kreaz
p_22807,1.200156967907112,22807,aragornn,aragornn,aragornn
p_21037,1.1887630147486616,21037,insani,insani,insani
p_11154,1.1887630147486528,11154,exit,exit,exit
p_23045,1.188585513866307,23045,lukiz,lukiz,lukiz
p_18053,1.1838901650979092,18053,broky,broky,broky
p_9278,1.1806807645026918,9278,rez,rez,rez
p_11840,1.1796123093536277,11840,boombl4,boombl4,boombl4
p_21263,1.179274722490168,21263,olimp,olimp,olimp
p_22929,1.1705538102149633,22929,nota,nota,nota
p_20703,1.1681619201449729,20703,xerolte,xerolte,xerolte
p_14494,1.1626498047353284,14494,junior,junior,junior
p_18670,1.1618543631907081,18670,sellter,sellter,sellter
p_11139,1.1613927283245646,11139,alistair,alistair,alistair
p_21983,1.161148005853353,21983,chr1zn,chr1zn,chr1zn
p_16726,1.1544868727536404,16726,phzy,phzy,phzy
p_19045,1.1544358100007956,19045,latto,latto,latto
p_15698,1.1544358100007914,15698,dumau,dumau,dumau
p_20709,1.1506656214005233,20709,r3salt,r3salt,r3salt
p_20185,1.148432162309734,20185,cass1n,cass1n,cass1n
p_19128,1.1435794418022536,19128,slight,slight,slight
p_8528,1.1343803627889855,8528,hobbit,hobbit,hobbit
p_13602,1.1324404272557513,13602,nicoodoz,nicoodoz,nicoodoz
p_12092,1.1317977131992898,12092,max,max,max
p_22613,1.1317977131992667,22613,huasopeek,huasopeek,huasopeek
p_22911,1.122452427204323,22911,doc,doc,doc
p_11995,1.1214772339080001,11995,tmb,tmb,tmb
p_18676,1.1186066439933815,18676,skullz,skullz,skullz
p_19044,1.1185351551831266,19044,f1ku,f1ku,f1ku
p_22680,1.1181095812418123,22680,polbandana,polbandana,polbandana
p_22040,1.1163292812322925,22040,z1nny,z1nny,z1nny
p_429,1.1105720843888316,429,karrigan,karrigan,karrigan
p_9960,1.1105720843888296,9960,frozen,frozen,frozen
p_2161,1.1080477968887656,2161,noktse,noktse,noktse
p_22383,1.1069250096185337,22383,jcobbb,jcobbb,jcobbb
p_20112,1.0955289220168516,20112,alex666,alex666,alex666
p_19738,1.0944564386424094,19738,djoko,djoko,djoko
p_16080,1.0910656031008745,16080,dycha,dycha,dycha
p_16314,1.0853494054297848,16314,pancc,pancc,pancc
p_10330,1.0802017320136887,10330,acor,acor,acor
p_20465,1.075146190301143,20465,arrozdoce,arrozdoce,arrozdoce
p_20171,1.074847795456081,20171,snow,snow,snow
p_20926,1.072850196265418,20926,andu,andu,andu
p_17132,1.066438489969767,17132,leomonster,leomonster,leomonster
p_21062,1.0625202708225758,21062,matys,matys,matys
p_12553,1.0609292932113354,12553,yuurih,yuurih,yuurih
p_15631,1.060929293211334,15631,kscerato,kscerato,kscerato
p_2023,1.06092929321133,2023,fallen,fallen,fallen
p_21665,1.0580866239777584,21665,jba,jba,jba
p_19705,1.052128968435546,19705,chop,chop,chop
p_19899,1.0461877674411526,19899,krimbo,krimbo,krimbo
p_22886,1.0448235832214068,22886,xeedo,xeedo,xeedo
p_23684,1.0448235832214061,23684,relaxxie,relaxxie,relaxxie
p_23686,1.0448235832214057,23686,kashl1d,kashl1d,kashl1d
p_20228,1.0400443919796862,20228,j3kie,j3kie,j3kie
p_21239,1.0395867762387563,21239,martinezsa,martinezsa,martinezsa
p_23458,1.0359447239690813,23458,laxiee,laxiee,laxiee
p_8520,1.033727697487271,8520,naf,naf,naf
p_23414,1.0262798777514177,23414,jackasmo,jackasmo,jackasmo
p_21779,1.0244626326604898,21779,nut-nut,nut-nut,nut-nut
p_8311,1.0242647979671766,8311,nemanha,nemanha,nemanha
p_12731,1.02131736277509,12731,sdy,sdy,sdy
p_17116,1.0180934191759432,17116,ragga,ragga,ragga
p_22203,1.015192748348454,22203,krabeni,krabeni,krabeni
p_20584,1.0151927483484502,20584,dem0n,dem0n,dem0n
p_21439,1.0141377851063462,21439,icy,icy,icy
p_17937,1.0116266578515998,17937,isak,isak,isak
p_20417,1.0029681895182954,20417,anlelele,anlelele,anlelele
p_17384,1.0021878461839866,17384,vexite,vexite,vexite
p_11140,1.002187846183983,11140,ins,ins,ins
p_20283,0.9971954174245639,20283,tomiko,tomiko,tomiko
p_21667,0.992967247581858,21667,magnojez,magnojez,magnojez
p_21100,0.9927089581758548,21100,zede,zede,zede
p_20878,0.9922560488607407,20878,adamb,adamb,adamb
p_20301,0.9915455928623221,20301,tauson,tauson,tauson
p_23292,0.9887954280499879,23292,pump,pump,pump
p_18318,0.9866487637907498,18318,dekz,dekz,dekz
p_20895,0.9855534951574638,20895,mercury,mercury,mercury
p_19645,0.9855534951574595,19645,jamyoung,jamyoung,jamyoung
p_21708,0.9831861929897571,21708,npl,npl,npl
p_23643,0.9831861929897561,23643,esenthial,esenthial,esenthial
p_13578,0.9810173067459312,13578,grim,grim,grim
p_12840,0.9810173067459289,12840,hallzerk,hallzerk,hallzerk
p_11630,0.9810173067459279,11630,jt,jt,jt
p_16835,0.974647485498767,16835,ponter,ponter,ponter
p_11337,0.9735248831035775,11337,rcf,rcf,rcf
p_20945,0.9642824073439928,20945,frontsiderr,frontsiderr,frontsiderr
p_9521,0.9606286618724266,9521,dobu,dobu,dobu
p_16705,0.9600064542350322,16705,altekz,altekz,altekz
p_17504,0.9598057012771102,17504,kei,kei,kei
p_922,0.9597578614699444,922,snappi,snappi,snappi
p_12732,0.9590430116537358,12732,fl1t,fl1t,fl1t
p_20101,0.9590430116537305,20101,fame,fame,fame
p_9896,0.9581302895136745,9896,b0rup,b0rup,b0rup
p_20958,0.9576690903085538,20958,bajmi,bajmi,bajmi
p_10994,0.9556637428547663,10994,stavn,stavn,stavn
p_19926,0.9531493732295317,19926,afro,afro,afro
p_18317,0.9519702872314759,18317,magixx,magixx,magixx
p_16820,0.9494223950292261,16820,siuhy,siuhy,siuhy
p_22047,0.9471015881569952,22047,yxngstxr,yxngstxr,yxngstxr
p_15117,0.9436127219528655,15117,keoz,keoz,keoz
p_9254,0.9433329291687618,9254,mopoz,mopoz,mopoz
p_19509,0.9433329291687598,19509,dav1g,dav1g,dav1g
p_18163,0.9411202010388108,18163,bibu,bibu,bibu
p_20700,0.9350692104758975,20700,lattykk,lattykk,lattykk
p_20607,0.9346363071827367,20607,buda,buda,buda
p_20702,0.9344976517042403,20702,jee,jee,jee
p_7443,0.9341724285963963,7443,twist,twist,twist
p_16885,0.9319911290178069,16885,woro2k,woro2k,woro2k
p_7528,0.9276651584560933,7528,krimz,krimz,krimz
p_23762,0.9251788405639021,23762,z1k4,z1k4,z1k4
p_22069,0.9248225460601737,22069,grizz,grizz,grizz
p_11343,0.9211283218144546,11343,shipz,shipz,shipz
p_19711,0.9206740820848502,19711,snav,snav,snav
p_18214,0.9205867104542892,18214,nettik,nettik,nettik
p_19920,0.9155537439165263,19920,kair0n,kair0n,kair0n
p_19065,0.9138532851027362,19065,shine,shine,shine
p_18140,0.9103945230744229,18140,f4stzin,f4stzin,f4stzin
p_8565,0.9052471169220493,8565,hen1,hen1,hen1
p_22884,0.9047517748230025,22884,gr1ks,gr1ks,gr1ks
p_8374,0.9035209325779856,8374,bodyy,bodyy,bodyy
p_630,0.9022548114319977,630,mutiris,mutiris,mutiris
p_20462,0.9022548114319959,20462,story,story,story
p_18714,0.9000454038698394,18714,piriajr,piriajr,piriajr
p_20987,0.8982863826451026,20987,brnz4n,brnz4n,brnz4n
p_9136,0.8975481948519877,9136,brehze,brehze,brehze
p_18322,0.8963711168825462,18322,kaiser,kaiser,kaiser
p_20113,0.894262710722328,20113,deko,deko,deko
p_21217,0.8938817328257473,21217,ryu,ryu,ryu
p_17181,0.8923138608542853,17181,naitte,naitte,naitte
p_14390,0.892313860854285,14390,wood7,wood7,wood7
p_22135,0.8897724349592125,22135,peeping,peeping,peeping
p_7412,0.8879136391515148,7412,gla1ve,gla1ve,gla1ve
p_20447,0.8841565724325782,20447,heavygod,heavygod,heavygod
p_12290,0.8839385496139378,12290,perx,perx,perx
p_20519,0.8838196460972594,20519,lcm,lcm,lcm
p_9032,0.8815879777891684,9032,magisk,magisk,magisk
p_18979,0.8810200875601365,18979,prism,prism,prism
p_25106,0.876383345677142,25106,next,next,next
p_17622,0.875865067287941,17622,wolffe,wolffe,wolffe
p_17918,0.8749635747926682,17918,nosrac,nosrac,nosrac
p_8605,0.8732869199981681,8605,somebody,somebody,somebody
p_10394,0.8710533129953544,10394,twistzz,twistzz,twistzz
p_20558,0.8702026465788437,20558,gafolo,gafolo,gafolo
p_10981,0.8681040336935713,10981,mantuu,mantuu,mantuu
p_24179,0.8639923220759497,24179,spavaqu,spavaqu,spavaqu
p_20994,0.8626601080445838,20994,fl4mus,fl4mus,fl4mus
p_19703,0.8607109728084481,19703,ryujin,ryujin,ryujin
p_9031,0.8553118822111663,9031,valde,valde,valde
p_21165,0.852284671308357,21165,m1key,m1key,m1key
p_21921,0.8503730945909327,21921,rdnzao,rdnzao,rdnzao
p_11271,0.8476359085734616,11271,smooya,smooya,smooya
p_17133,0.8466992949435318,17133,desh,desh,desh
p_14619,0.8461892511977216,14619,infinite,infinite,infinite
p_19015,0.8460170395018508,19015,bymas,bymas,bymas
p_22460,0.8439069961351947,22460,riskyb0b,riskyb0b,riskyb0b
p_21266,0.8439069961351933,21266,1eer,1eer,1eer
p_20387,0.84390699613519,20387,xant3r,xant3r,xant3r
p_20252,0.8417562333816332,20252,kind0,kind0,kind0
p_9216,0.8415029958167815,9216,coldzera,coldzera,coldzera
p_21155,0.8398124025934393,21155,naz,naz,naz
p_18506,0.8380071495628912,18506,s1ren,s1ren,s1ren
p_13287,0.8377672257382351,13287,bnc,bnc,bnc
p_18571,0.8359394758345612,18571,cypher,cypher,cypher
p_5351,0.833298012143548,5351,avn,avn,avn
p_22878,0.8328185591915742,22878,senka,senka,senka
p_24568,0.832818559191574,24568,flouzer,flouzer,flouzer
p_21164,0.8301289602143785,21164,l00m1,l00m1,l00m1
p_14744,0.8299520170491466,14744,calamity,calamity,calamity
p_11199,0.8244900533097256,11199,beastik,beastik,beastik
p_22956,0.8233269082446489,22956,lash,lash,lash
p_22471,0.8228751078706618,22471,xielo,xielo,xielo
p_18875,0.8178627577539914,18875,ricioli,ricioli,ricioli
p_22279,0.8158628233315796,22279,pr,pr,pr
p_9436,0.8154264874492348,9436,nertz,nertz,nertz
p_21379,0.8100845675027203,21379,salazar,salazar,salazar
p_16947,0.8093717087632957,16947,perfecto,perfecto,perfecto
p_24048,0.8089782847208882,24048,slump,slump,slump
p_24863,0.8055320780081557,24863,timo,timo,timo
p_22125,0.8048782256889874,22125,lich,lich,lich
p_21363,0.8040345407266699,21363,shg,shg,shg
p_19686,0.8038387857170142,19686,n1ssim,n1ssim,n1ssim
p_22760,0.8032771164419353,22760,upe,upe,upe
p_13170,0.803027656899969,13170,kwezz,kwezz,kwezz
p_13497,0.8002768042435591,13497,lucky,lucky,lucky
p_20956,0.8001506563227038,20956,fozil,fozil,fozil
p_17353,0.7996927244298695,17353,cxzi,cxzi,cxzi
p_19694,0.7982459297488365,19694,nqz,nqz,nqz
p_21284,0.7942203393426367,21284,happ,happ,happ
p_7266,0.7941979773692779,7266,syrson,syrson,syrson
p_19187,0.7902367989176573,19187,xfl0ud,xfl0ud,xfl0ud
p_18752,0.7891214350216131,18752,kade0,kade0,kade0
p_21367,0.7879696029857094,21367,spirit,spirit,spirit
p_23317,0.7874608939186335,23317,khan,khan,khan
p_25035,0.7868426324369995,25035,lacerda,lacerda,lacerda
p_12713,0.7867795327504626,12713,floppy,floppy,floppy
p_19079,0.7824444967233148,19079,fruitcupx,fruitcupx,fruitcupx
p_18294,0.7781778396418463,18294,adron,adron,adron
p_19831,0.7777937226932582,19831,proshow,proshow,proshow
p_16817,0.7777439128211799,16817,hardzao,hardzao,hardzao
p_17508,0.7770565219316868,17508,glowiing,glowiing,glowiing
p_3347,0.7722047315253998,3347,seized,seized,seized
p_21012,0.7664859090804783,21012,ro1f,ro1f,ro1f
p_24283,0.7663513891595157,24283,cairne,cairne,cairne
p_22864,0.765344420491664,22864,robo,robo,robo
p_23319,0.7653444204916526,23319,syph0,syph0,syph0
p_24176,0.765344420491649,24176,mokuj1n,mokuj1n,mokuj1n
p_22537,0.7620134889894586,22537,def1zer,def1zer,def1zer
p_12004,0.761074195635021,12004,clax,clax,clax
p_22842,0.7593176694818545,22842,kensizor,kensizor,kensizor
p_12810,0.7568944280618138,12810,shock,shock,shock
p_14799,0.7539540536089385,14799,brett,brett,brett
p_22803,0.7533971644970493,22803,bl1x1,bl1x1,bl1x1
p_22366,0.7533717139590062,22366,nicks,nicks,nicks
p_22361,0.7472006508288267,22361,jottaaa,jottaaa,jottaaa
p_18240,0.7461609013245694,18240,smash,smash,smash
p_14388,0.7461425199810818,14388,the-elive,the-elive,the-elive
p_22535,0.7457314401295675,22535,dwushka,dwushka,dwushka
p_19614,0.7457246283171107,19614,s4ltovsk1yy,s4ltovsk1yy,s4ltovsk1yy
p_21348,0.7431553872517259,21348,artfr0st,artfr0st,artfr0st
p_23046,0.7412509414680167,23046,jambo,jambo,jambo
p_13250,0.7362401874580755,13250,ben1337,ben1337,ben1337
p_2553,0.7335871839025934,2553,snax,snax,snax
p_18865,0.7330186076868944,18865,dav1deus,dav1deus,dav1deus
p_23372,0.7292726817757615,23372,xkacpersky,xkacpersky,xkacpersky
p_22048,0.7281728319663111,22048,tapewaare,tapewaare,tapewaare
p_8918,0.7271501386956702,8918,electronic,electronic,electronic
p_22914,0.7266943017407919,22914,dex,dex,dex
p_20197,0.72522205474092,20197,faydett,faydett,faydett
p_20992,0.7234638428259333,20992,ivz,ivz,ivz
p_17008,0.722370615801707,17008,topa,topa,topa
p_21221,0.7184346849082168,21221,maxxkor,maxxkor,maxxkor
p_22182,0.7178778784155619,22182,ksloks,ksloks,ksloks
p_22333,0.7150911460010403,22333,miq,miq,miq
p_18697,0.7126745203907185,18697,oxygen,oxygen,oxygen
p_15569,0.7113981284949461,15569,sapec,sapec,sapec
p_5794,0.7087025253470662,5794,tabsen,tabsen,tabsen
p_16723,0.7051101270046044,16723,cabbi,cabbi,cabbi
p_9261,0.7023483866490481,9261,lekr0,lekr0,lekr0
p_15914,0.6953668379331911,15914,luken,luken,luken
p_22860,0.6901010115835869,22860,avid,avid,avid
p_21431,0.689692560646166,21431,sstinix,sstinix,sstinix
p_22181,0.68933083251155,22181,urban0,urban0,urban0
p_13689,0.687606330013842,13689,jchance,jchance,jchance
p_2898,0.6859789037623711,2898,raalz,raalz,raalz
p_13843,0.6850030844445704,13843,lucky,lucky,lucky
p_19592,0.6816423097953934,19592,headtr1ck,headtr1ck,headtr1ck
p_10870,0.6800229168897283,10870,kabal,kabal,kabal
p_9219,0.6798958801151107,9219,felps,felps,felps
p_12102,0.6794160496508864,12102,djay,djay,djay
p_21630,0.6761475150657893,21630,pipw,pipw,pipw
p_19786,0.675972719701007,19786,depreshn,depreshn,depreshn
p_17861,0.675519611007889,17861,jota,jota,jota
p_19823,0.671874214392403,19823,dukefissura,dukefissura,dukefissura
p_22922,0.6687353152333371,22922,emiliaqaq,emiliaqaq,emiliaqaq
p_18744,0.6687353152333312,18744,z4kr,z4kr,z4kr
p_16551,0.6687353152333299,16551,westmelon,westmelon,westmelon
p_19985,0.6658346796167558,19985,nacho,nacho,nacho
p_18120,0.6626228323618366,18120,sinnopsyy,sinnopsyy,sinnopsyy
p_20463,0.658794650205238,20463,ddias,ddias,ddias
p_10588,0.657726119841445,10588,liazz,liazz,liazz
p_17306,0.657253431507953,17306,degster,degster,degster
p_22163,0.6557015738748575,22163,misfit,misfit,misfit
p_14929,0.6513231301135138,14929,jdc,jdc,jdc
p_13138,0.6486111180127273,13138,maka,maka,maka
p_19739,0.6486111180127232,19739,ex3rcice,ex3rcice,ex3rcice
p_20564,0.6453747131027875,20564,d4rty,d4rty,d4rty
p_9482,0.6451699219373686,9482,nekiz,nekiz,nekiz
p_20133,0.6445917237635991,20133,svedjehed,svedjehed,svedjehed
p_23766,0.644360338936324,23766,hypex,hypex,hypex
p_22362,0.6427953587192994,22362,xureba,xureba,xureba
p_8507,0.6408203949281681,8507,stanislaw,stanislaw,stanislaw
p_22777,0.6378213616753892,22777,diozera,diozera,diozera
p_7805,0.6374927363663592,7805,rush,rush,rush
p_22880,0.6348208436625528,22880,m1quse,m1quse,m1quse
p_22129,0.6343175626060699,22129,antyvirus,antyvirus,antyvirus
p_23553,0.6331926998034524,23553,dziugss,dziugss,dziugss
p_19310,0.632672026502577,19310,lnz,lnz,lnz
p_20199,0.6254772475771759,20199,sol,sol,sol
p_20870,0.6250293143390648,20870,sl3nd,sl3nd,sl3nd
p_10827,0.6245797308094863,10827,prt,prt,prt
p_25111,0.6241721679325875,25111,redzed,redzed,redzed
p_13230,0.6230688002483272,13230,motm,motm,motm
p_23457,0.6219066517140514,23457,zesta,zesta,zesta
p_20968,0.6185874712247538,20968,soulfly,soulfly,soulfly
p_9353,0.6185874712247519,9353,paz,paz,paz
p_23685,0.6184140160351704,23685,zweih,zweih,zweih
p_20534,0.6170992478152536,20534,kiro,kiro,kiro
p_21099,0.6165544724774807,21099,bsd,bsd,bsd
p_13749,0.6136325118039986,13749,queenix,queenix,queenix
p_20385,0.6123933020363358,20385,kye,kye,kye
p_12027,0.6087571023511017,12027,krad,krad,krad
p_10096,0.6076457748807625,10096,hooxi,hooxi,hooxi
p_2241,0.6023650066224234,2241,roman,roman,roman
p_19815,0.6020784139863847,19815,dytor,dytor,dytor
p_19069,0.6020784139863842,19069,forsyy,forsyy,forsyy
p_22965,0.5994170592546251,22965,saadzin,saadzin,saadzin
p_24972,0.5985170153512535,24972,maquein,maquein,maquein
p_24168,0.5982458397702506,24168,onic,onic,onic
p_23642,0.5982458397702506,23642,flierax,flierax,flierax
p_24282,0.5982458397702499,24282,dawy,dawy,dawy
p_17216,0.5948746360722641,17216,mallby,mallby,mallby
p_10557,0.5894241955553496,10557,land1n,land1n,land1n
p_21392,0.5853856680258682,21392,shady,shady,shady
p_15176,0.5850761693476373,15176,cryptic,cryptic,cryptic
p_16147,0.5846247087812204,16147,cptkurtka023,cptkurtka023,cptkurtka023
p_16948,0.5829868095771463,16948,travis,travis,travis
p_22280,0.582069441670071,22280,majky,majky,majky
p_19808,0.5799495679308722,19808,tn1r,tn1r,tn1r
p_18749,0.577286345326948,18749,sausol,sausol,sausol
p_22759,0.5754809910964497,22759,jocab,jocab,jocab
p_20284,0.574973980883422,20284,maaryy,maaryy,maaryy
p_22109,0.5748114987353586,22109,vinaabeast,vinaabeast,vinaabeast
p_21816,0.5730879500730581,21816,gizmy,gizmy,gizmy
p_19064,0.5701243267321493,19064,spooke,spooke,spooke
p_19962,0.5696511635172598,19962,re1gn,re1gn,re1gn
p_16661,0.5671265870472781,16661,mithputtini,mithputtini,mithputtini
p_20521,0.5664759929118784,20521,alisson,alisson,alisson
p_10892,0.5654964023677364,10892,marke,marke,marke
p_20273,0.5613219376856823,20273,cajun,cajun,cajun
p_20268,0.5598426312545992,20268,atarax1a,atarax1a,atarax1a
p_23094,0.5495393005125517,23094,renanzin,renanzin,renanzin
p_9483,0.5484069198562748,9483,destiny,destiny,destiny
p_8575,0.5465455840519995,8575,calyx,calyx,calyx
p_20229,0.5453670575471853,20229,moriisko,moriisko,moriisko
p_11329,0.543286123945506,11329,leo-drk,leo-drk,leo-drk
p_12937,0.5425809477080729,12937,wolfy,wolfy,wolfy
p_11213,0.5418516172673986,11213,delboni,delboni,delboni
p_24649,0.5383643547335267,24649,dosikk,dosikk,dosikk
p_18510,0.5332001716066083,18510,sugar,sugar,sugar
p_8324,0.5308032232628985,8324,morelz,morelz,morelz
p_22874,0.5282464381789641,22874,silence,silence,silence
p_21815,0.5274772233173348,21815,podi,podi,podi
p_20084,0.5269071727982959,20084,togs,togs,togs
p_20170,0.5237510971522756,20170,kyuubii,kyuubii,kyuubii
p_22927,0.5233978093469088,22927,executor,executor,executor
p_3459,0.5233978093469043,3459,kinqie,kinqie,kinqie
p_18717,0.5198555395650589,18717,lucaozy,lucaozy,lucaozy
p_6593,0.5190226494535916,6593,pkl,pkl,pkl
p_15835,0.515686839746562,15835,imorr,imorr,imorr
p_18447,0.5090466027748352,18447,dssj,dssj,dssj
p_18671,0.5090466027748327,18671,get-jeka,get-jeka,get-jeka
p_24772,0.5067295365686576,24772,nardes,nardes,nardes
p_16645,0.5064463357993036,16645,drg,drg,drg
p_2131,0.5063039586249738,2131,bondik,bondik,bondik
p_11940,0.50573441298649,11940,nealan,nealan,nealan
p_23770,0.5034642104033074,23770,cronuss,cronuss,cronuss
p_23771,0.5034642104033068,23771,oz1k,oz1k,oz1k
p_24967,0.5026430177000031,24967,rikon,rikon,rikon
p_22930,0.500008750056868,22930,tex1y,tex1y,tex1y
p_19575,0.4988457182372949,19575,x5g7v,x5g7v,x5g7v
p_21468,0.49665379423456907,21468,hyped,hyped,hyped
p_11205,0.49642180792138235,11205,stadodo,stadodo,stadodo
p_16555,0.49617037427559196,16555,ax1le,ax1le,ax1le
p_20430,0.4944923664833285,20430,alpha,alpha,alpha
p_18549,0.4926513853186435,18549,laser,laser,laser
p_20897,0.4909647322164645,20897,matios,matios,matios
p_21784,0.4908050016722311,21784,simke,simke,simke
p_16814,0.4836635573596275,16814,danoco,danoco,danoco
p_20625,0.47787572953973406,20625,banjo,banjo,banjo
p_10566,0.47690828015708575,10566,chelo,chelo,chelo
p_20282,0.4714694904335221,20282,krasnal,krasnal,krasnal
p_19733,0.4711683191445707,19733,demqq,demqq,demqq
p_14061,0.47082715635147365,14061,awzek,awzek,awzek
p_20402,0.4697578710026002,20402,synyx,synyx,synyx
p_19817,0.4687001831194689,19817,s0und,s0und,s0und
p_14736,0.46193909048702897,14736,dgt,dgt,dgt
p_14273,0.46116933623003337,14273,idisbalance,idisbalance,idisbalance
p_7996,0.460443084503865,7996,cruc1al,cruc1al,cruc1al
p_9019,0.4584666755285034,9019,surreal,surreal,surreal
p_8983,0.4584666755285034,8983,mightymax,mightymax,mightymax
p_8950,0.4544385322670397,8950,kaze,kaze,kaze
p_24284,0.45383201667217193,24284,revoltz,revoltz,revoltz
p_19114,0.44996780001157227,19114,kylar,kylar,kylar
p_10570,0.44992780082159467,10570,dzt,dzt,dzt
p_8212,0.4481013974928216,8212,scrunk,scrunk,scrunk
p_20090,0.44467874592629814,20090,zyphon,zyphon,zyphon
p_13618,0.4445672767765658,13618,bluepho3nix,bluepho3nix,bluepho3nix
p_20948,0.43921851137149903,20948,lov1kus,lov1kus,lov1kus
p_24806,0.4391960845216455,24806,frontales,frontales,frontales
p_23459,0.4385187896935961,23459,stressarn,stressarn,stressarn
p_15369,0.43649854669307636,15369,redstar,redstar,redstar
p_21783,0.4352228194874156,21783,brutmonster,brutmonster,brutmonster
p_21302,0.4352228194874113,21302,cjoffo,cjoffo,cjoffo
p_15165,0.4325037288812171,15165,blamef,blamef,blamef
p_20183,0.42490612136362055,20183,decenty,decenty,decenty
p_11777,0.4232154079524877,11777,maden,maden,maden
p_23902,0.4222088074344427,23902,fxre,fxre,fxre
p_22371,0.4204722720094033,22371,levi,levi,levi
p_10610,0.41752671826904336,10610,refrezh,refrezh,refrezh
p_20071,0.4158742395670282,20071,fanatyk,fanatyk,fanatyk
p_22106,0.4146439251230807,22106,azuwu,azuwu,azuwu
p_18761,0.40632164148578503,18761,viz,viz,viz
p_19681,0.4060679806228933,19681,childking,childking,childking
p_21825,0.40606798062289223,21825,l1hang,l1hang,l1hang
p_7028,0.4060679806228922,7028,summer,summer,summer
p_18706,0.40464107552317596,18706,freshie,freshie,freshie
p_8488,0.4040403709164761,8488,zedko,zedko,zedko
p_22967,0.40376411218967617,22967,ogwizard,ogwizard,ogwizard
p_1206,0.4035270243045336,1206,btn,btn,btn
p_23410,0.40153161134111837,23410,coolcoms,coolcoms,coolcoms
p_24286,0.3998059513579107,24286,levantino,levantino,levantino
p_9656,0.39484038227191204,9656,hadji,hadji,hadji
p_17145,0.3918179250507418,17145,rainwaker,rainwaker,rainwaker
p_18894,0.39111151143649725,18894,t9rnay,t9rnay,t9rnay
p_21385,0.38596502581283204,21385,mizu,mizu,mizu
p_10961,0.3844963284641648,10961,kristou,kristou,kristou
p_13077,0.38447366775642666,13077,patti,patti,patti
p_23551,0.3804558993277438,23551,tomate,tomate,tomate
p_19229,0.38038021295669916,19229,roux,roux,roux
p_22414,0.3803802129566977,22414,efire,efire,efire
p_23767,0.37801030168176736,23767,adrien,adrien,adrien
p_22921,0.37745048953349475,22921,lake,lake,lake
p_19812,0.3747462172613249,19812,chill,chill,chill
p_20885,0.37412927688207076,20885,freq,freq,freq
p_20686,0.37342449607973666,20686,suonko,suonko,suonko
p_21620,0.3710943655796584,21620,nicx,nicx,nicx
p_21159,0.36707853796852136,21159,bobeksde,bobeksde,bobeksde
p_16769,0.36460317449559626,16769,realz1n,realz1n,realz1n
p_18610,0.3628525669321523,18610,detr0ittj,detr0ittj,detr0ittj
p_20110,0.3608901946738562,20110,marix,marix,marix
p_17378,0.36068295863341143,17378,reck,reck,reck
p_13670,0.356454215613884,13670,nawwk,nawwk,nawwk
p_25105,0.3556321965578076,25105,agl,agl,agl
p_8371,0.355516341422772,8371,alex,alex,alex
p_21452,0.3541655101870037,21452,kvem,kvem,kvem
p_23628,0.35282026927665033,23628,kusme,kusme,kusme
p_14737,0.3501686950886581,14737,meyern,meyern,meyern
p_21038,0.3491063331265036,21038,reix,reix,reix
p_19594,0.3479528920557023,19594,nbqq,nbqq,nbqq
p_19872,0.34629998697903014,19872,bk1,bk1,bk1
p_20451,0.3462999869790297,20451,abizz,abizz,abizz
p_23106,0.34417896567836537,23106,viggo,viggo,viggo
p_20510,0.343947086018744,20510,hyza,hyza,hyza
p_20813,0.34338678973005676,20813,vldn,vldn,vldn
p_10818,0.3412121764391818,10818,idk,idk,idk
p_20434,0.33987029245670636,20434,bledard,bledard,bledard
p_20201,0.3372384744078665,20201,fpsss,fpsss,fpsss
p_20637,0.3370904649288409,20637,b1elany,b1elany,b1elany
p_22085,0.3363909959792825,22085,spinnie,spinnie,spinnie
p_18554,0.3363419318478258,18554,tom1jed,tom1jed,tom1jed
p_9255,0.33457061358469986,9255,draken,draken,draken
p_20219,0.33134969030883954,20219,xns,xns,xns
p_19536,0.3259275527522894,19536,yami,yami,yami
p_3849,0.3258491120001919,3849,jw,jw,jw
p_9766,0.32202105245752355,9766,hampus,hampus,hampus
p_16872,0.3155420037790452,16872,flying,flying,flying
p_19673,0.31472762160163376,19673,patsi,patsi,patsi
p_7998,0.3146180475816823,7998,s1mple,s1mple,s1mple
p_23302,0.3101693747115154,23302,bluewh1te,bluewh1te,bluewh1te
p_23237,0.30885169549767877,23237,tmkj,tmkj,tmkj
p_21142,0.3079392323477966,21142,masked,masked,masked
p_21288,0.3077482232381276,21288,venomzera,venomzera,venomzera
p_11217,0.3043200231391023,11217,spellan,spellan,spellan
p_21500,0.30204339939623487,21500,arrow,arrow,arrow
p_23413,0.2955901230520935,23413,s-chilla,s-chilla,s-chilla
p_14176,0.29498352328162775,14176,misutaaa,misutaaa,misutaaa
p_20289,0.2927839514474101,20289,dgl,dgl,dgl
p_15940,0.28847781057530275,15940,sobol,sobol,sobol
p_16811,0.2873152993805193,16811,mistem,mistem,mistem
p_13240,0.2821060155043877,13240,lack1,lack1,lack1
p_19972,0.2819588117876382,19972,ckzao,ckzao,ckzao
p_17585,0.27632511404408633,17585,b4rtin,b4rtin,b4rtin
p_19869,0.27381570525477156,19869,try,try,try
p_16731,0.27352683146469864,16731,iceberg,iceberg,iceberg
p_15007,0.2718457972352126,15007,cooper,cooper,cooper
p_8503,0.27184579723520935,8503,fl0m,fl0m,fl0m
p_16954,0.2688585605021515,16954,yepz,yepz,yepz
p_24296,0.2674753283535245,24296,angelo,angelo,angelo
p_9221,0.26705550250900795,9221,reversive,reversive,reversive
p_21169,0.26705550250900545,21169,righi,righi,righi
p_24556,0.26696539655221263,24556,tele,tele,tele
p_17450,0.26415449955060416,17450,sense,sense,sense
p_23763,0.2574140195745906,23763,pepo,pepo,pepo
p_9618,0.2560110986983359,9618,nexa,nexa,nexa
p_20054,0.25593782336402526,20054,rafaxf,rafaxf,rafaxf
p_20066,0.2555705306475569,20066,aidkit,aidkit,aidkit
p_20358,0.25462993150288776,20358,volt,volt,volt
p_19991,0.2508516020453419,19991,hoax,hoax,hoax
p_23397,0.2499361778228083,23397,poiii,poiii,poiii
p_16432,0.24659658753209734,16432,manguss,manguss,manguss
p_20309,0.24558559776337302,20309,bnox,bnox,bnox
p_17997,0.2442991520837942,17997,lenci,lenci,lenci
p_20018,0.244104682391848,20018,fr3nd,fr3nd,fr3nd
p_19236,0.24218239107555137,19236,kensi,kensi,kensi
p_20787,0.2393096414530766,20787,pose1donn,pose1donn,pose1donn
p_18790,0.22415848812442188,18790,cacanito,cacanito,cacanito
p_13982,0.22402136686604446,13982,forester,forester,forester
p_10264,0.22146556640876963,10264,niko,niko,niko
p_2476,0.221010307509072,2476,emi,emi,emi
p_22421,0.2196609797933487,22421,rainny,rainny,rainny
p_22695,0.21808136443658027,22695,sirah,sirah,sirah
p_23199,0.2170127252855356,23199,mason,mason,mason
p_24650,0.2139521697486197,24650,tsukumeow,tsukumeow,tsukumeow
p_23765,0.21324901010651615,23765,hfah,hfah,hfah
p_18070,0.21096806412163355,18070,demho,demho,demho
p_20425,0.2107344840827115,20425,r1nkle,r1nkle,r1nkle
p_22082,0.2054903371064085,22082,fokiu,fokiu,fokiu
p_10840,0.20507016877416231,10840,tatazin,tatazin,tatazin
p_10838,0.20507016877416226,10838,mawth,mawth,mawth
p_2544,0.2010696389650853,2544,remix,remix,remix
p_14010,0.19914592725101216,14010,zmb,zmb,zmb
p_14419,0.1932434636914987,14419,roej,roej,roej
p_20674,0.19286337789232225,20674,beg0d,beg0d,beg0d
p_20606,0.19117452792090203,20606,roy,roy,roy
p_20234,0.1896644368780443,20234,gabe,gabe,gabe
p_8552,0.185497343092565,8552,attacker,attacker,attacker
p_20839,0.18503493285924702,20839,fino,fino,fino
p_22702,0.18259197619009312,22702,cej0t,cej0t,cej0t
p_17316,0.18090417116370322,17316,vert,vert,vert
p_23960,0.18088032544388571,23960,sakamoto,sakamoto,sakamoto
p_20394,0.18020009261669798,20394,luchov,luchov,luchov
p_22552,0.17801464718430285,22552,sandman,sandman,sandman
p_9115,0.1773135654685908,9115,dexter,dexter,dexter
p_15573,0.17633794429282465,15573,ciocardau,ciocardau,ciocardau
p_15818,0.17445876070822106,15818,k1-fida,k1-fida,k1-fida
p_21250,0.17416616353547576,21250,jresy,jresy,jresy
p_20941,0.17071026433679634,20941,buzz,buzz,buzz
p_22415,0.16988016589436017,22415,accuracytg,accuracytg,accuracytg
p_24749,0.16915927016430146,24749,guty,guty,guty
p_798,0.16058182547742875,798,oskar,oskar,oskar
p_24818,0.15844867498588064,24818,k4nfuz,k4nfuz,k4nfuz
p_8891,0.15812971117392732,8891,nodios,nodios,nodios
p_23461,0.15475192258824874,23461,pepe,pepe,pepe
p_24190,0.15218845836778996,24190,youka,youka,youka
p_7964,0.14437247303193584,7964,cadian,cadian,cadian
p_19709,0.14365120106148216,19709,shane,shane,shane
p_20123,0.1429084253580571,20123,regali,regali,regali
p_19957,0.140511628254801,19957,bart4k,bart4k,bart4k
p_15072,0.14051162825479904,15072,nin9,nin9,nin9
p_23402,0.14051162825479838,23402,cobrazera,cobrazera,cobrazera
p_20422,0.139000049834774,20422,owner,owner,owner
p_22476,0.13420811423598644,22476,virtuoso,virtuoso,virtuoso
p_13568,0.1315250338487423,13568,ajtt,ajtt,ajtt
p_20300,0.12760427173268218,20300,kraghen,kraghen,kraghen
p_23137,0.1251348770083578,23137,dvrk,dvrk,dvrk
p_12877,0.11808955619791273,12877,chelleos,chelleos,chelleos
p_18545,0.11808955619791073,18545,asap,asap,asap
p_20527,0.11808955619790938,20527,tjp,tjp,tjp
p_21369,0.11691768266951189,21369,1nvisiblee,1nvisiblee,1nvisiblee
p_21717,0.1147677878265012,21717,t3ns1on,t3ns1on,t3ns1on
p_22794,0.11436368800767219,22794,drop,drop,drop
p_21398,0.10627919207283765,21398,controlez,controlez,controlez
p_22075,0.10556237911795618,22075,sfade8,sfade8,sfade8
p_24558,0.10487351727976965,24558,maaxg1,maaxg1,maaxg1
p_19698,0.09877063118310202,19698,adams,adams,adams
p_23541,0.09695773110170282,23541,tasman,tasman,tasman
p_22879,0.0821213361746738,22879,fenomen,fenomen,fenomen
p_13249,0.08188951989415905,13249,osee,osee,osee
p_24172,0.07930263165751295,24172,yuramyata,yuramyata,yuramyata
p_24171,0.0793026316575129,24171,djon8,djon8,djon8
p_25334,0.07801137468452132,25334,kurosse,kurosse,kurosse
p_24930,0.07638912133929794,24930,vzn,vzn,vzn
p_19107,0.0742251144577906,19107,s3nsey,s3nsey,s3nsey
p_22325,0.07051550976335799,22325,sowalio,sowalio,sowalio
p_21571,0.06721943549323985,21571,leakz,leakz,leakz
p_20889,0.06581653007645007,20889,7kick,7kick,7kick
p_15428,0.06326816299258392,15428,goofy,goofy,goofy
p_20939,0.06299848280261298,20939,history,history,history
p_11110,0.06246288385591285,11110,golden,golden,golden
p_20378,0.060937071480398494,20378,honda,honda,honda
p_17039,0.059261932390266024,17039,deco,deco,deco
p_23783,0.05288801531597361,23783,fineshine52,fineshine52,fineshine52
p_7168,0.0520149235476153,7168,nbk,nbk,nbk
p_22189,0.05015247736027837,22189,h4san4tor,h4san4tor,h4san4tor
p_15203,0.04996239744294244,15203,reiko,reiko,reiko
p_12945,0.04626932598666286,12945,blytz,blytz,blytz
p_10449,0.045868510170333054,10449,issaa,issaa,issaa
p_14218,0.04475432541953148,14218,plopski,plopski,plopski
p_19284,0.03811629739618396,19284,prosus,prosus,prosus
p_22964,0.035921137018289306,22964,stormzyn,stormzyn,stormzyn
p_8711,0.03352253024079225,8711,sonic,sonic,sonic
p_11891,0.031680336285984,11891,phr,phr,phr
p_19231,0.028926287707407152,19231,h1te,h1te,h1te
p_23138,0.025812890363564718,23138,sasha,sasha,sasha
p_23136,0.025812890363564694,23136,zucar,zucar,zucar
p_22084,0.021351771724429553,22084,mello,mello,mello
p_22563,0.01821680961590861,22563,fnl,fnl,fnl
p_21014,0.01584148523328452,21014,ag1l,ag1l,ag1l
p_22474,0.013649283297445042,22474,polo,polo,polo
p_18456,0.0069472334568351675,18456,fostar,fostar,fostar
p_19975,0.0034730793111050853,19975,broken,broken,broken
p_16029,0.0020239400042873393,16029,heap,heap,heap
p_15778,0.001586750914093099,15778,sener1,sener1,sener1
p_15949,6.820149120301037e-05,15949,peppzor,peppzor,peppzor
p_22566,-0.00695125436857351,22566,deemo,deemo,deemo
p_24485,-0.009364567211678164,24485,yiksrezo,yiksrezo,yiksrezo
p_22904,-0.011345226798897396,22904,burmylov,burmylov,burmylov
p_23415,-0.012655218553649867,23415,zerrofix,zerrofix,zerrofix
p_13317,-0.013651256068321791,13317,aaron,aaron,aaron
p_7398,-0.01378555005539806,7398,dupreeh,dupreeh,dupreeh
p_14394,-0.016659116643676003,14394,tuurtle,tuurtle,tuurtle
p_23588,-0.024395896502695975,23588,n1cks,n1cks,n1cks
p_24557,-0.03213328887391944,24557,toto,toto,toto
p_3669,-0.034839381566078846,3669,innocent,innocent,innocent
p_19086,-0.03780496968735997,19086,pavv,pavv,pavv
p_24091,-0.03780496968736005,24091,dott1,dott1,dott1
p_20689,-0.037804969687360204,20689,hezz,hezz,hezz
p_13239,-0.03910093196307469,13239,qikert,qikert,qikert
p_24906,-0.04021812309899581,24906,dune,dune,dune
p_13718,-0.04065662614825858,13718,birdfromsky,birdfromsky,birdfromsky
p_21290,-0.0515377592944534,21290,perez,perez,perez
p_15821,-0.052879944151699367,15821,neofrag,neofrag,neofrag
p_20349,-0.05819460182030627,20349,casey,casey,casey
p_24917,-0.05978173343173815,24917,modesavage,modesavage,modesavage
p_22039,-0.06081374938069543,22039,danistzz,danistzz,danistzz
p_17113,-0.06773796491238447,17113,szejn,szejn,szejn
p_23550,-0.07034991732983166,23550,divine,divine,divine
p_17003,-0.07284358376554693,17003,snapy,snapy,snapy
p_22423,-0.07305794163158273,22423,clon7,clon7,clon7
p_24717,-0.08002885953867316,24717,nikz,nikz,nikz
p_20827,-0.08011055702564489,20827,linko,linko,linko
p_24146,-0.0826581698115161,24146,lezy,lezy,lezy
p_23957,-0.0826581698115161,23957,neozix,neozix,neozix
p_23549,-0.08265816981151611,23549,maxoff,maxoff,maxoff
p_17147,-0.08654767733742276,17147,juanflatroo,juanflatroo,juanflatroo
p_10828,-0.08672211466046277,10828,dok,dok,dok
p_23614,-0.08981190016688853,23614,bambosh,bambosh,bambosh
p_20083,-0.0913824805341672,20083,ninjaz,ninjaz,ninjaz
p_23150,-0.09185913905162021,23150,rzk,rzk,rzk
p_21762,-0.09724632435251838,21762,cso,cso,cso
p_14294,-0.09918338098523698,14294,hazr,hazr,hazr
p_20086,-0.09918338098523874,20086,addict,addict,addict
p_22060,-0.10244054441158128,22060,delle,delle,delle
p_23338,-0.10811384634609411,23338,beccie,beccie,beccie
p_21715,-0.11038206360098957,21715,flayy,flayy,flayy
p_15501,-0.11189075749557259,15501,b0denmaster,b0denmaster,b0denmaster
p_23690,-0.11262273106593855,23690,tyra,tyra,tyra
p_21233,-0.11725894586330833,21233,myltsi,myltsi,myltsi
p_24298,-0.11755755475353794,24298,alennncar,alennncar,alennncar
p_16946,-0.12893831378438664,16946,polt,polt,polt
p_21700,-0.12986293738772864,21700,brn,brn,brn
p_19763,-0.13123506489539769,19763,boros,boros,boros
p_22267,-0.13265023628457803,22267,mds,mds,mds
p_17011,-0.1377369590475032,17011,shalfey,shalfey,shalfey
p_20122,-0.14056537940827712,20122,freeze,freeze,freeze
p_20782,-0.1481626757562109,20782,goody,goody,goody
p_23858,-0.1505391242732373,23858,mo0n,mo0n,mo0n
p_12781,-0.15629177593659938,12781,k1to,k1to,k1to
p_23100,-0.15870810709209882,23100,c4llm3su3,c4llm3su3,c4llm3su3
p_11942,-0.16652602902246208,11942,buster,buster,buster
p_25066,-0.16859362199377378,25066,qx,qx,qx
p_23360,-0.1767175613891722,23360,easy,easy,easy
p_16718,-0.17800247893380627,16718,fessor,fessor,fessor
p_21362,-0.1792282110484941,21362,truniq,truniq,truniq
p_11922,-0.1817748205467782,11922,alle,alle,alle
p_12094,-0.18239900581509003,12094,1962,1962,1962
p_21299,-0.18890081374717493,21299,savana1,savana1,savana1
p_22385,-0.18913152044449952,22385,melavi,melavi,melavi
p_22101,-0.20287823857063184,22101,spardaus,spardaus,spardaus
p_24426,-0.2037833747502955,24426,stesso,stesso,stesso
p_17553,-0.20732191532140604,17553,pesadelo,pesadelo,pesadelo
p_21888,-0.2161989553836624,21888,thuister,thuister,thuister
p_9626,-0.21933373332159486,9626,xellow,xellow,xellow
p_18835,-0.21977148843035027,18835,saffee,saffee,saffee
p_13157,-0.22062277296148794,13157,jerry,jerry,jerry
p_19710,-0.2265609831430019,19710,dare,dare,dare
p_17028,-0.23099301228647226,17028,abr,abr,abr
p_20553,-0.23422687537996018,20553,relentless,relentless,relentless
p_13026,-0.23429000222007346,13026,c0llins,c0llins,c0llins
p_20872,-0.23919526574493064,20872,nexius,nexius,nexius
p_23048,-0.24258410375227268,23048,kelien,kelien,kelien
p_19996,-0.2458966582403909,19996,jelo,jelo,jelo
p_22327,-0.2483438134388909,22327,something,something,something
p_16753,-0.24946883466671746,16753,n1xen,n1xen,n1xen
p_17372,-0.25318061848963186,17372,fang,fang,fang
p_16921,-0.2561635876974991,16921,nafany,nafany,nafany
p_10499,-0.25993190309174663,10499,jony-boy,jony-boy,jony-boy
p_10506,-0.25993190309174685,10506,tutehen,tutehen,tutehen
p_23386,-0.2630628549761815,23386,kumao,kumao,kumao
p_13669,-0.26911762460524274,13669,jackinho,jackinho,jackinho
p_18848,-0.2720508474683438,18848,henu,henu,henu
p_20029,-0.28016963440151815,20029,card,card,card
p_14359,-0.28219898861933507,14359,w1nt3r,w1nt3r,w1nt3r
p_9571,-0.2969171760959505,9571,cj-da-k1ng,cj-da-k1ng,cj-da-k1ng
p_23829,-0.3079833370342932,23829,machado,machado,machado
p_23469,-0.3203526093672172,23469,woozzzi,woozzzi,woozzzi
p_22144,-0.32393624935473553,22144,puuha,puuha,puuha
p_9818,-0.3239362493547378,9818,uli,uli,uli
p_17675,-0.326921401269283,17675,m1n1,m1n1,m1n1
p_24332,-0.3276238364457274,24332,matheos,matheos,matheos
p_20974,-0.35166067397421347,20974,duggy,duggy,duggy
p_21386,-0.3592080553173315,21386,lampada,lampada,lampada
p_17305,-0.3716148792528678,17305,finigan,finigan,finigan
p_16102,-0.37706727565514525,16102,nopeej,nopeej,nopeej
p_17325,-0.3789549211596454,17325,nolkz,nolkz,nolkz
p_20600,-0.393172246063949,20600,sm3t,sm3t,sm3t
p_24812,-0.39636385621653736,24812,jackast,jackast,jackast
p_24811,-0.3963638562165377,24811,hodix,hodix,hodix
p_22022,-0.43117933217435983,22022,trucklover86,trucklover86,trucklover86
p_22536,-0.43276767261493865,22536,mag1k3y,mag1k3y,mag1k3y
p_20794,-0.4614849355618934,20794,leen,leen,leen
p_21213,-0.4648974415796279,21213,ersin,ersin,ersin
p_21085,-0.4721913593084701,21085,antonini,antonini,antonini
p_24607,-0.4769324590553319,24607,swetsi,swetsi,swetsi
p_22364,-0.49041487041327625,22364,j0w,j0w,j0w
p_21638,-0.49209657853141014,21638,leleo,leleo,leleo
p_18891,-0.5128491118790385,18891,cutzmeretz,cutzmeretz,cutzmeretz
p_22126,-0.5730730670562071,22126,nyezin,nyezin,nyezin
p_20960,-0.5858217325169477,20960,ex1st,ex1st,ex1st
p_23552,-0.5920335900799044,23552,slashzz,slashzz,slashzz
p_21692,-0.6096415925105294,21692,kalash,kalash,kalash
p_22404,-0.6120805039955555,22404,cerolzin,cerolzin,cerolzin
p_6553,-0.6180518459482149,6553,fl4sh,fl4sh,fl4sh
p_9220,-0.6188257696853464,9220,shoowtime,shoowtime,shoowtime
p_24328,-0.6205073258749575,24328,lukita,lukita,lukita
p_22459,-0.6372744317492279,22459,sh1nejezzz,sh1nejezzz,sh1nejezzz
p_23193,-0.6611493131226699,23193,vilby,vilby,vilby
p_19290,-0.6713170330961505,19290,voltera,voltera,voltera
p_10508,-0.6841793195401827,10508,nbl,nbl,nbl
p_23599,-0.7031968902020946,23599,forkyz,forkyz,forkyz
p_20330,-0.7128080809394092,20330,jsfeltner,jsfeltner,jsfeltner
p_20577,-0.7131439116319368,20577,bruninho,bruninho,bruninho
p_20207,-0.7519912379731014,20207,raijin,raijin,raijin
p_24083,-0.7685256189915463,24083,mail09,mail09,mail09
p_21036,-0.7696574059460841,21036,krok,krok,krok
p_8327,-0.7867389331189298,8327,furlan,furlan,furlan
p_22957,-0.8195237639213239,22957,stax,stax,stax
p_22945,-0.8282169921844776,22945,tr0uble,tr0uble,tr0uble
p_23961,-0.8566587712628759,23961,legy,legy,legy
p_15204,-0.8996992919275163,15204,vegi,vegi,vegi
p_24646,-0.9780648406058671,24646,ddoni,ddoni,ddoni
p_11276,-1.0040328144320463,11276,marko,marko,marko
p_9811,-1.1051264242466743,9811,plessen,plessen,plessen
p_24672,-1.1662055975499965,24672,fakerealityy,fakerealityy,fakerealityy
p_25032,-1.3880759099591615,25032,snow,snow,snow
p_22302,-2.0137876486657493,22302,empathy,empathy,empathy
