player_a_id,player_a,n_events,mean_delta,median_delta,mean_t,min_p
8507,stanislaw,1,0.14111332140673383,0.14111332140673383,3.3724232353119996,0.001246375416888988
11217,spellan,1,0.1404513180069588,0.1404513180069588,3.077838359799189,0.003606718877431637
21779,nut-nut,1,0.13832774074976664,0.13832774074976664,2.6836642727616464,0.04478150659713304
20510,hyza,1,0.11627596675930273,0.11627596675930273,2.869491947315065,0.005349468607762966
22473,qlocuu,1,0.1117343678461549,0.1117343678461549,2.866789174837839,0.005339837855796709
22760,upe,1,0.1085786160118353,0.1085786160118353,3.1586412181511396,0.0023025336606601753
23413,s-chilla,1,0.10140014598795793,0.10140014598795793,2.4873714523792345,0.015164286598645707
18838,hext,1,0.09288429376845185,0.09288429376845185,2.313986193442291,0.0233514295402558
12781,k1to,1,0.08683623278275848,0.08683623278275848,2.232948322323436,0.02842029428043732
2898,raalz,1,0.08474320113065589,0.08474320113065589,2.2440182953389702,0.02792916558178643
15071,interz,2,0.08103555730177305,0.08103555730177305,1.9056987865855333,0.00850767473406665
19738,djoko,1,0.0803101489046554,0.0803101489046554,1.6124948532428638,0.11232152183048053
24972,maquein,1,0.08010504276901871,0.08010504276901871,1.912400128685596,0.059546901989788646
16486,ztr,1,0.07997728371208548,0.07997728371208548,2.0212617970231084,0.04696705622340021
18510,sugar,1,0.07831178415187706,0.07831178415187706,2.061320412980135,0.043394358436751684
20690,zock,1,0.07781923747725918,0.07781923747725918,2.2381746228710218,0.02845893820137725
15176,cryptic,1,0.07703645986014619,0.07703645986014619,1.234727385423576,0.22358726483698527
22011,kadziu,2,0.07561670603444993,0.07561670603444993,2.067947539360227,0.03596664393879988
15914,luken,1,0.07367697577934096,0.07367697577934096,1.5410428905125129,0.12874763091296426
21199,mistr,1,0.07297647156551139,0.07297647156551139,1.773018051260257,0.08018272817224348
23360,easy,1,0.07067268024065165,0.07067268024065165,1.7866425828778707,0.07835576054797463
19710,dare,1,0.07027890292017412,0.07027890292017412,1.4495071786364577,0.15292489537145895
23292,pump,2,0.07011380365306502,0.07011380365306502,1.8887004904825844,0.021312577016756373
16753,n1xen,3,0.06797300868879648,0.047001715607958613,1.3931632178659983,0.04478150659713304
19673,patsi,1,0.06757833797291177,0.06757833797291177,1.7991116581582387,0.07728719915585862
22076,aw,1,0.06731109671057317,0.06731109671057317,1.9994257648117206,0.049052048540630534
20465,arrozdoce,1,0.06517523297752925,0.06517523297752925,1.4216562853977641,0.16055092455531364
10508,nbl,1,0.0651197045444854,0.0651197045444854,1.5468584434069854,0.1259525390689
24048,slump,2,0.06331995023646325,0.06331995023646325,1.1999038266890358,0.12495468018164119
21099,bsd,2,0.06237424418913048,0.06237424418913048,1.4261410219065271,0.07529950892795856
20283,tomiko,2,0.06212968037188789,0.06212968037188789,1.6499372571236712,0.08956247590516724
21286,mlhzin,1,0.06201455067477099,0.06201455067477099,1.7284977527202705,0.08790716855478381
22921,lake,1,0.06171621451880584,0.06171621451880584,1.6434825182878599,0.10454729143355015
23763,pepo,1,0.06136266759549234,0.06136266759549234,1.5708479747044846,0.1220588770008498
9482,nekiz,1,0.060115665421627704,0.060115665421627704,1.0495722191470742,0.29828123889233094
22362,xureba,1,0.059546645345266394,0.059546645345266394,0.9301574500264794,0.3595383209028778
20207,raijin,1,0.05906220347546281,0.05906220347546281,1.905788309979192,0.06038269051162424
20090,zyphon,1,0.058098079666307846,0.058098079666307846,1.5963150377919304,0.11476033219293959
18761,viz,2,0.05799518074565773,0.05799518074565773,1.3871959516214016,0.13675717921432318
20945,frontsiderr,1,0.0570572272260209,0.0570572272260209,1.3470493899427023,0.1825201458310794
22967,ogwizard,1,0.056604683456049625,0.056604683456049625,1.1299218636958446,0.263248443127732
23046,jambo,1,0.05647860129985098,0.05647860129985098,1.4931143523566224,0.1398031782642166
12290,perx,2,0.05547369585745374,0.05547369585745374,1.428470752618296,0.041952740284642645
17132,leomonster,1,0.055464704704779266,0.055464704704779266,1.4138283530362932,0.1627686949547025
20122,freeze,1,0.054868725784428654,0.054868725784428654,1.434555142345125,0.1554164910176994
20309,bnox,1,0.05368415841374255,0.05368415841374255,1.0452568719310207,0.30070679929292254
13240,lack1,1,0.052958925112754934,0.052958925112754934,1.2631234562752283,0.21106710309535584
17378,reck,1,0.05280369512232203,0.05280369512232203,1.2615716032020177,0.2108650136877852
24328,lukita,1,0.05277968362178968,0.05277968362178968,1.3123884959937242,0.19348797450158106
24284,revoltz,1,0.0526598257348353,0.0526598257348353,1.5067634093521356,0.13616975501188555
20703,xerolte,1,0.05123667652008754,0.05123667652008754,1.2135999594898412,0.2297940991930185
24772,nardes,1,0.050914864751183994,0.050914864751183994,1.3334875478555455,0.18628196705348357
23766,hypex,2,0.05044850011882815,0.05044850011882815,1.0900244518654256,0.2802207099945117
21431,sstinix,2,0.0490112137934315,0.0490112137934315,1.3389710461736064,0.004055417975723823
11219,cerq,2,0.048828466622129856,0.048828466622129856,0.9942057506263542,0.003606718877431637
20385,kye,2,0.048144555036348236,0.048144555036348236,1.1315098989032308,0.1294057179204577
19750,drop,2,0.04797316877112233,0.04797316877112233,1.179858769390029,0.07302784051063935
13669,jackinho,1,0.047827787575936906,0.047827787575936906,1.0232819899680679,0.3104366253021998
21700,brn,1,0.04770913875331528,0.04770913875331528,0.9740989845869178,0.333057698026511
21170,koala,1,0.04697996114429528,0.04697996114429528,0.8579670108582783,0.3946718885078443
7443,twist,1,0.04620526247796684,0.04620526247796684,1.0943072204743816,0.27844559089811344
11816,ropz,1,0.04578096711745337,0.04578096711745337,1.1887813300314287,0.2383534174084797
23048,kelien,2,0.04563647722559119,0.04563647722559119,1.2132898152791847,0.15471741889142465
20357,d1ledez,1,0.04534283467564527,0.04534283467564527,1.1481286537693243,0.2544576872973804
18676,skullz,3,0.044983076649749015,0.03838039023173467,1.0580981848011013,0.005856346089741486
20889,7kick,2,0.04490619776192547,0.04490619776192547,1.1964629515561083,0.0680869524503328
8528,hobbit,1,0.04472868046224148,0.04472868046224148,1.157050734159091,0.25084463063942675
8891,nodios,3,0.044722531703690116,0.03396824064816475,1.1566302206667234,0.02853660315937258
17918,nosrac,2,0.04439642483687197,0.04439642483687197,1.0262392571726975,0.12411499936601765
19594,nbqq,1,0.04415037045437473,0.04415037045437473,1.2535328752563097,0.21416726813636916
16835,ponter,1,0.04394414063634155,0.04394414063634155,0.8671612574830128,0.3901066393503033
9031,valde,1,0.04391268873027351,0.04391268873027351,1.019535111674041,0.3114715619561884
25106,next,1,0.04314771812758514,0.04314771812758514,0.8923688362524932,0.3758062399032095
20447,heavygod,1,0.042916660106547586,0.042916660106547586,1.253659063603576,0.21374256343530657
24173,tenzy,1,0.0426005958779512,0.0426005958779512,0.9200918375237591,0.36163528310519527
13982,forester,1,0.04244800884308131,0.04244800884308131,0.964028869715261,0.3392161515169819
16029,heap,1,0.04158152621139017,0.04158152621139017,1.0380773333455349,0.30256928454090026
12102,djay,1,0.04064321373702307,0.04064321373702307,0.9246593737338071,0.35848908065157126
20430,alpha,7,0.039550546955295814,0.039341200972855095,1.0131721607757223,0.08277094138041541
24296,angelo,1,0.0390417795460446,0.0390417795460446,0.9081274278760754,0.36665511844155163
8605,somebody,1,0.03846669614700497,0.03846669614700497,0.7738845013183048,0.44134344262564595
20113,deko,1,0.037214274495075556,0.037214274495075556,1.243799041194216,0.2173347937493148
16885,woro2k,3,0.036938605592281605,0.06847017247597438,0.8265220352367403,0.09838337078858533
22040,z1nny,1,0.0367618922227637,0.0367618922227637,0.8801510980828504,0.38149300850154677
16432,manguss,1,0.0364868793425187,0.0364868793425187,0.9458900865808689,0.3471271878315241
20085,kauez,2,0.03633091136450199,0.03633091136450199,0.7851589734222268,0.3901066393503033
9626,xellow,1,0.03612797003479511,0.03612797003479511,0.7772690068364971,0.4407307423860298
20558,gafolo,1,0.036069170868658844,0.036069170868658844,1.0006771320829058,0.32021811973596037
20253,dragon,1,0.03575979276864401,0.03575979276864401,0.8186362867458583,0.4165607787895682
12004,clax,2,0.035648939552998485,0.035648939552998485,0.806614770296131,0.09248064237632961
17861,jota,1,0.03550711352839045,0.03550711352839045,0.5570751080635147,0.5844260168699631
18875,ricioli,2,0.03546839988723449,0.03546839988723449,0.7893509088844219,0.3377148940607169
19711,snav,3,0.035419870499697824,0.024487939222389662,0.6729170794438278,0.12495468018164119
21213,ersin,2,0.03486803417324218,0.03486803417324218,0.9460233837216971,0.30431252398277603
20254,starry,2,0.03467133928030702,0.03467133928030702,0.7918509668775295,0.11651001384401592
20974,duggy,1,0.034001357426395734,0.034001357426395734,0.9462706713879595,0.346935735936654
24607,swetsi,1,0.03394368059917972,0.03394368059917972,0.9568422763729626,0.34204173400734567
21621,moseyuh,1,0.03391252007603026,0.03391252007603026,0.6601733737307528,0.5122567453813353
18749,sausol,2,0.033540515309903304,0.033540515309903304,0.8106740298707891,0.23023512028860435
22807,aragornn,1,0.0334551279902278,0.0334551279902278,0.7673248571919333,0.44610596516547113
23140,krazy,1,0.0334551279902278,0.0334551279902278,0.7673248571919333,0.44610596516547113
22842,kensizor,2,0.032649473461336266,0.032649473461336266,0.7704931899344826,0.11236955234792964
24083,mail09,2,0.03252033298082998,0.03252033298082998,0.6407155222196784,0.3104366253021998
22563,fnl,2,0.03229150112549478,0.03229150112549478,0.7714706370133315,0.015327974338554934
23047,sdaim,2,0.032102238891680894,0.032102238891680894,0.9243162316695004,0.34850574341040624
23414,jackasmo,1,0.03200246959621276,0.03200246959621276,0.7730289281317438,0.4418417792648046
23317,khan,1,0.031717478677371486,0.031717478677371486,0.8498826464639013,0.39806648453322224
20417,anlelele,1,0.03161553162065023,0.03161553162065023,0.8303100064099257,0.4089056162309441
21012,ro1f,2,0.031251001436367665,0.031251001436367665,0.7415528169123834,0.19611756108661912
22383,jcobbb,3,0.030884440036617278,0.056690175296815096,0.657838114794312,0.14786972440208393
22361,jottaaa,2,0.03083950094488961,0.03083950094488961,0.7030550799131564,0.13277638585356497
22421,rainny,2,0.030657973384127925,0.030657973384127925,0.6944739068833332,0.43078213338645954
13230,motm,2,0.0305449326599752,0.0305449326599752,0.8140756469003427,0.3458125376082309
22566,deemo,1,0.030440689712865756,0.030440689712865756,0.822231473733346,0.41353324683356657
22794,drop,1,0.030377051655438036,0.030377051655438036,0.5677440398402857,0.5730420564532089
23685,zweih,2,0.03015417091013076,0.03015417091013076,0.7532442353238467,0.41042322275469834
23045,lukiz,2,0.03002584021880323,0.03002584021880323,0.6910707907373762,0.4421729866326106
21233,myltsi,2,0.029841473358946553,0.029841473358946553,0.7616143789669314,0.22262549270661525
17039,deco,1,0.029815413176760952,0.029815413176760952,0.7567456173067479,0.45148556528947087
20813,vldn,1,0.029651353464978825,0.029651353464978825,0.8975236814276794,0.3723402201722345
20782,goody,2,0.029590323827006756,0.029590323827006756,0.6942944075445867,0.04571682755049462
22674,cmtry,1,0.029364785743492536,0.029364785743492536,0.7310262221227466,0.4670161779390571
20794,leen,1,0.028770528125378995,0.028770528125378995,0.7540223311347398,0.45313548829629213
19812,chill,4,0.02871853626638929,0.0334968222449446,0.6756000315107362,0.10599020153906309
19733,demqq,2,0.02866567695443551,0.02866567695443551,0.5831803468015317,0.14816850176082952
19614,s4ltovsk1yy,2,0.028584924570576306,0.028584924570576306,0.9132624401986739,0.11669436170665966
23551,tomate,3,0.028273898104854492,0.002629675763338851,0.7739260845337718,0.021584949869907673
20171,snow,1,0.028171226243410372,0.028171226243410372,0.8009120707647732,0.425676195145563
21888,thuister,1,0.02801041519604259,0.02801041519604259,0.7573411545803997,0.45122899196334615
17316,vert,2,0.02774159911074104,0.02774159911074104,0.6384442872306646,0.3203329986223252
21290,perez,1,0.027659273373883315,0.027659273373883315,0.7007088765427395,0.485785638578489
23415,zerrofix,1,0.02736761957026114,0.02736761957026114,0.8462345794117567,0.4003055446416208
20878,adamb,2,0.027132524967689094,0.027132524967689094,0.5622764159231541,0.16055092455531364
3347,seized,1,0.02694475729437242,0.02694475729437242,0.7459092402615973,0.45800546217928345
24917,modesavage,1,0.026699403730752736,0.026699403730752736,0.6233921321003242,0.5353210381520143
1206,btn,6,0.02658491032052264,0.02987464926666899,0.675674647091594,0.08622096601163576
24298,alennncar,1,0.026364043434033285,0.026364043434033285,0.7410164847584816,0.4616778055828891
22125,lich,1,0.026328441430189857,0.026328441430189857,0.6087110320621457,0.5451030893883895
13618,bluepho3nix,1,0.02611518302966164,0.02611518302966164,0.6777348678646536,0.5001734613170623
22404,cerolzin,1,0.026055136297115623,0.026055136297115623,0.647088913598749,0.519612871713098
20463,ddias,2,0.02602637428937505,0.02602637428937505,0.6822754198269738,0.4922131187143222
20402,synyx,2,0.02595624650909402,0.02595624650909402,0.5854702909754214,0.3203329986223252
13749,queenix,1,0.025197184287911997,0.025197184287911997,0.4987076524301502,0.6198717023103624
16723,cabbi,1,0.02513752646212014,0.02513752646212014,0.6306515546502568,0.530114181400238
22371,levi,2,0.024912733911253565,0.024912733911253565,0.4098954425334797,0.5844260168699631
22759,jocab,2,0.024828786588328426,0.024828786588328426,0.6449650334951669,0.43182754411853513
25111,redzed,5,0.024760283830042144,0.03250858476795285,0.604374068609191,0.1284924721843313
16848,hades,5,0.024293697527692226,0.04279876741537028,0.6094404746684372,0.11955615326842689
24906,dune,1,0.02404269040101503,0.02404269040101503,0.5377616161575955,0.5927995941369575
22327,something,1,0.023856682852712224,0.023856682852712224,0.61084549516464,0.5438090733683512
15662,zorte,3,0.023564937457705448,0.015645964928472242,0.6120702021606685,0.0437201784504646
14388,the-elive,1,0.023293573953665478,0.023293573953665478,0.6320566143008328,0.5292259940095323
21717,t3ns1on,3,0.02312655900204018,0.0276760150290448,0.6224562291657824,0.3797006430259924
10096,hooxi,2,0.02305133326812623,0.02305133326812623,0.5442756721961601,0.4676123917290827
13170,kwezz,1,0.022723798607683737,0.022723798607683737,0.5243434661935302,0.6017208771515309
22039,danistzz,1,0.022183562586649094,0.022183562586649094,0.47866137343593307,0.6335386684375569
16811,mistem,1,0.021407950020314235,0.021407950020314235,0.4997056854159775,0.6192888546680622
20018,fr3nd,5,0.021336929332358125,0.027333092740032563,0.6171217531911622,0.1369028656007096
21969,graviti,1,0.021201782608527852,0.021201782608527852,0.49278313988953454,0.6236604975315126
20084,togs,2,0.020807538839343213,0.020807538839343213,0.5516892867664024,0.5466182589540781
9032,magisk,1,0.020087540894505027,0.020087540894505027,0.4825201430572227,0.6307879248689561
22419,0samas,1,0.020029115283039214,0.020029115283039214,0.384518821739895,0.7022804755102872
24557,toto,2,0.020022758622170754,0.020022758622170754,0.6420076225736047,0.08452576685125335
19064,spooke,2,0.019828768031014382,0.019828768031014382,0.5641659102454122,0.3013810199017972
21398,controlez,2,0.01961474403666689,0.01961474403666689,0.7020900653789914,0.06758651905358427
3972,hunter,1,0.019610882584437543,0.019610882584437543,0.4213264133632948,0.6747664809546893
24717,nikz,1,0.019339571516975275,0.019339571516975275,0.4709666297369954,0.6390325739396705
16948,travis,4,0.019126333011556404,0.01840384151831588,0.531270217305298,0.38506406717621067
19831,proshow,4,0.01903382356986378,0.030307379686682148,0.4382656023235539,0.36253879136508804
10264,niko,2,0.01894113185700528,0.01894113185700528,0.5331446645623652,0.22574945507080088
23137,dvrk,1,0.018940518268257454,0.018940518268257454,0.40060528712343024,0.690221815765912
22673,makazze,1,0.01890334520580718,0.01890334520580718,0.47721204775691517,0.6347397967558185
15835,imorr,1,0.017687689449523758,0.017687689449523758,0.47960846192265966,0.6328479673188137
20026,chayjesus,5,0.017571214665721435,-0.003888792177438559,0.4358729950418079,0.13968918872295977
19290,voltera,1,0.017458911580793525,0.017458911580793525,0.36394725162000896,0.7173148748958976
22535,dwushka,4,0.017434601312170877,0.008714798509157557,0.46722549870790814,0.021312577016756373
23150,rzk,1,0.01690781636188493,0.01690781636188493,0.3267720318340652,0.7450780794520057
23397,poiii,4,0.015925723945337457,0.011610046077311205,0.42689751642069806,0.17629754633426564
19015,bymas,2,0.015777348185085447,0.015777348185085447,0.28580736141614205,0.11232152183048053
8324,morelz,2,0.01567407999983988,0.01567407999983988,0.39781283006819285,0.4072006788428737
11840,boombl4,1,0.015645964928472242,0.015645964928472242,0.3031317556011111,0.7631835406942075
21164,l00m1,1,0.015594076402279639,0.015594076402279639,0.349686456584904,0.7276658444428926
16555,ax1le,2,0.015530262256006908,0.015530262256006908,0.3367189817027429,0.5168394797457266
10449,issaa,2,0.015411923068856276,0.015411923068856276,0.32005468844443474,0.7022804755102872
14273,idisbalance,2,0.014963151199398075,0.014963151199398075,0.3905011662950483,0.30718107931557576
16102,nopeej,2,0.014338107519902912,0.014338107519902912,0.2987420517857688,0.6946145077830718
22181,urban0,1,0.014318354294116683,0.014318354294116683,0.26271577700344473,0.793729136754726
24646,ddoni,1,0.014142171150513768,0.014142171150513768,0.30656810519298233,0.759992175975512
24967,rikon,2,0.013928020343376363,0.013928020343376363,0.3475676728073929,0.37142396461635485
17216,mallby,1,0.013910037808534583,0.013910037808534583,0.36142908714220495,0.718769749646378
15573,ciocardau,2,0.013819130279702234,0.013819130279702234,0.34394632447518625,0.26723745752173583
21784,simke,3,0.013634118163077994,0.02173365387031498,0.3797888617080764,0.27607984355665166
22325,sowalio,3,0.013447878514605141,0.015290730287755138,0.36614934419689865,0.5660200868014781
23386,kumao,3,0.013319425663238843,0.015868627807900985,0.3570871933385053,0.20951453169293455
22135,peeping,3,0.013080658828871222,-0.004247992640112167,0.26231955572077864,0.263248443127732
20948,lov1kus,3,0.012997271940719863,-0.008619225492760426,0.4096583427932659,0.04871211323314056
8488,zedko,2,0.012691004204614751,0.012691004204614751,0.3543457886028738,0.1220588770008498
16080,dycha,4,0.01263985395931972,0.03166534643559877,0.38955389278142893,0.11955615326842689
13317,aaron,1,0.012335761235230887,0.012335761235230887,0.3248725255085752,0.7461569428559692
19079,fruitcupx,2,0.011593516736785252,0.011593516736785252,0.2263820139692757,0.6687754007498766
8738,elige,2,0.011567041321542822,0.011567041321542822,0.3058869153773249,0.7062996276676339
21392,shady,2,0.011563199320232835,0.011563199320232835,0.2897036570458555,0.47388718448183265
20994,fl4mus,4,0.011343992790473626,0.012860768799570734,0.23830081064529324,0.2737110986991358
19230,m0nesy,2,0.010668930065833079,0.010668930065833079,0.15353730290469692,0.6118643280437829
16147,cptkurtka023,1,0.010239108742934922,0.010239108742934922,0.28865782374221854,0.7736813538861109
23338,beccie,1,0.010164939568286176,0.010164939568286176,0.27255763398527155,0.7860048945783719
20133,svedjehed,2,0.010022955328245752,0.010022955328245752,0.17221052718242064,0.7993420626247939
9911,kreaz,2,0.009989157489175868,0.009989157489175868,0.23685161124422838,0.1387454808166885
21710,notineki,2,0.009929186871719238,0.009929186871719238,0.18915699087145377,0.3392161515169819
19698,adams,6,0.009626719116362552,0.00909737801680035,0.20373194837780498,0.11802460055487467
20686,suonko,1,0.009528477667979984,0.009528477667979984,0.22701346455984636,0.8210828518585094
21620,nicx,2,0.009302925624870803,0.009302925624870803,0.23524146683901112,0.5754495571127797
22695,sirah,2,0.009180596117191471,0.009180596117191471,0.18360955246578675,0.28451752011880005
18571,cypher,4,0.009105073612151144,0.019669274056733056,0.23936417908355112,0.44928210830209026
23541,tasman,3,0.00908595603257466,-0.005459529095869463,0.19489728251651958,0.19111612154414268
19310,lnz,1,0.009004013571200519,0.009004013571200519,0.24704935574506548,0.8055203393084895
19065,shine,1,0.008857649412888672,0.008857649412888672,0.19085697397096552,0.8491680808393935
24332,matheos,1,0.008804399497468019,0.008804399497468019,0.19440697194217693,0.8464788233880702
2131,bondik,4,0.008758169262686041,0.007303787437434881,0.2215191605314171,0.2202380566293783
21217,ryu,2,0.00828279654589204,0.00828279654589204,0.2878819007652118,0.25026691718254446
24179,spavaqu,7,0.00822171560650535,0.01096226820931431,0.2281661408838733,0.101914377745522
11213,delboni,3,0.008210494659241382,-0.006979294163211731,0.10965976206571869,0.3595383209028778
20897,matios,1,0.007207235365848589,0.007207235365848589,0.19756606266140384,0.8439124533062793
21113,modo,4,0.007057776037663851,0.012670679419035918,0.2058265676843779,0.17279040246584035
20378,honda,2,0.006816669952934357,0.006816669952934357,0.22007093425097965,0.5117495257915556
23302,bluewh1te,5,0.00629700417148676,0.023128913340304494,0.14726408104569785,0.11160167788521339
20607,buda,2,0.006092276673719451,0.006092276673719451,0.20114071541835885,0.42949045487380483
13670,nawwk,3,0.005934367948171361,-0.0036809657694142836,0.12728687574586509,0.4165607787895682
15569,sapec,1,0.005919042552656871,0.005919042552656871,0.1430911807152159,0.8866080926400994
19703,ryujin,1,0.005853742044815565,0.005853742044815565,0.1675471999308332,0.8673732672556849
18752,kade0,1,0.005704765442657148,0.005704765442657148,0.12204742813021092,0.9034620465508967
7938,xantares,1,0.005106561553215114,0.005106561553215114,0.14122102009383541,0.888061611325333
16726,phzy,6,0.005050675958137424,0.018810450285806843,0.09662478412434646,0.03840366826448074
19044,f1ku,1,0.00501735635169023,0.00501735635169023,0.10077156941943231,0.9200873179567806
18053,broky,1,0.005008056088300026,0.005008056088300026,0.1127884972984477,0.910516948406282
25035,lacerda,1,0.004780053694190645,0.004780053694190645,0.10894609293573407,0.9135276328318864
15940,sobol,3,0.004697882945617654,0.03308002886892824,-0.06674960243272905,0.029468632582769726
9261,lekr0,2,0.004478326858989202,0.004478326858989202,0.12411302669045196,0.7327355954073403
23614,bambosh,1,0.004367779685542861,0.004367779685542861,0.08568844672808176,0.9320533168146522
23461,pepe,1,0.004041812507537976,0.004041812507537976,0.08102939791418068,0.9356581633555602
20333,jeorge,1,0.0037812544075981856,0.0037812544075981856,0.09334412367654929,0.925875813061328
19926,afro,1,0.003765202541023697,0.003765202541023697,0.09174521254586729,0.9271840518909658
21439,icy,2,0.003451480656575863,0.003451480656575863,0.010749985988618538,0.40446990188019266
19786,depreshn,1,0.0032366383233519563,0.0032366383233519563,0.08534680477553327,0.9322044447413544
22904,burmylov,4,0.0031801506524392134,0.011709280520733263,0.10956675018044432,0.5149053524982833
21815,podi,2,0.003065219510835911,0.003065219510835911,0.05841274965099709,0.7660891642332901
18120,sinnopsyy,1,0.00283357119906541,0.00283357119906541,0.07749915329377711,0.93843380471071
9656,hadji,5,0.0023690981974787057,0.00023975571145309904,0.07469098461544324,0.17279040246584035
10330,acor,2,0.0019963504074107866,0.0019963504074107866,0.09913826495657796,0.2769587468208594
18894,t9rnay,3,0.001839233912040943,-0.023906998409954017,0.0333576414703148,0.04234879582621108
20170,kyuubii,1,0.00182926154839872,0.00182926154839872,0.03813943925016131,0.9697182046056079
21468,hyped,1,0.00182926154839872,0.00182926154839872,0.03813943925016131,0.9697182046056079
11922,alle,1,0.0011397546170430206,0.0011397546170430206,0.02799614281239885,0.9777420656465325
16872,flying,1,0.0009298486886934083,0.0009298486886934083,0.01969081198305643,0.9843411406340885
20761,launx,4,0.0007491352798626033,-0.02797926240457247,-0.12139109523931557,0.00585121620325941
9436,nertz,1,0.0006754350825430994,0.0006754350825430994,0.01627178397914283,0.9870591700348798
19692,zevy,1,0.0004918753389813544,0.0004918753389813544,0.011571583505134037,0.9908048544108111
2476,emi,3,0.00045151242952560025,0.008421018808865366,0.01406421519609776,0.5641022868100624
14010,zmb,2,-0.0008914700089952023,-0.0008914700089952023,0.030914947112016256,0.2868060059570754
12027,krad,5,-0.0009921540087034248,-0.016752038726101978,0.03733193834977264,0.15583908713015449
20185,cass1n,1,-0.0011386591362033648,-0.0011386591362033648,-0.031168272053334344,0.9752432880487366
11329,leo-drk,1,-0.0011386591362033648,-0.0011386591362033648,-0.031168272053334344,0.9752432880487366
20870,sl3nd,1,-0.001372583615064503,-0.001372583615064503,-0.026490867387564305,0.9789620338180446
8311,nemanha,2,-0.0016775000473474733,-0.0016775000473474733,0.07582347678073192,0.36281475452692835
20692,dea,1,-0.0019069947390310009,-0.0019069947390310009,-0.04527383416494148,0.9640148227604914
24203,jorko,3,-0.0019262392843530766,0.00016795999554480162,0.010206634926673322,0.4317103470330959
18462,mezii,1,-0.0019792293593735716,-0.0019792293593735716,-0.05207936601921633,0.9586039226705988
23469,woozzzi,2,-0.0022485985728850685,-0.0022485985728850685,-0.029082833267835756,0.6160470950197006
22471,xielo,1,-0.0023209925957951086,-0.0023209925957951086,-0.05947377470208038,0.9527326499788441
22964,stormzyn,1,-0.002347126956302406,-0.002347126956302406,-0.056928420881039284,0.9547491977654715
24818,k4nfuz,2,-0.0028286513617429357,-0.0028286513617429357,-0.06511573441541404,0.67926615475681
22060,delle,2,-0.002928875099252752,-0.002928875099252752,-0.0793779342925616,0.7991292824961134
22280,majky,3,-0.0029421574279757945,-0.026079274281565902,-0.06433612936187871,0.2419501293085624
9483,destiny,1,-0.0033189964409178455,-0.0033189964409178455,-0.09074383450661343,0.9279706609408359
22082,fokiu,2,-0.003537562284600171,-0.003537562284600171,-0.05071013525760282,0.050622868052361165
20879,maxster,1,-0.003662016802580506,-0.003662016802580506,-0.08598576329663142,0.9317228579304809
22385,melavi,3,-0.0038196412310589714,-0.000752246302659982,-0.1305450840543544,0.3579819767562367
19187,xfl0ud,2,-0.0038262958073028777,-0.0038262958073028777,-0.09511397384631815,0.7224285581805584
23552,slashzz,6,-0.003932794818189517,-0.000692460463689446,-0.10538289314725564,0.219597252972774
23295,kisserek,1,-0.004268108634232492,-0.004268108634232492,-0.10324775365640404,0.9181279480609803
23459,stressarn,1,-0.004268108634232492,-0.004268108634232492,-0.10324775365640404,0.9181279480609803
18743,nython,1,-0.004449079881576477,-0.004449079881576477,-0.08972790080955494,0.9288170618803449
16487,eraa,2,-0.004461297332703399,-0.004461297332703399,-0.18088207105198625,0.44140408449360374
10610,refrezh,1,-0.0047521505060621715,-0.0047521505060621715,-0.1435545819958673,0.8862228861237522
20229,moriisko,3,-0.0049248661068732975,0.007996745598260486,-0.13657960165993868,0.25644892613003056
21250,jresy,3,-0.005864944652900573,-0.0014300389273173113,-0.06813999481426902,0.4481307330425704
7528,krimz,1,-0.005919799180819654,-0.005919799180819654,-0.16022803164565871,0.8731204315038847
18221,spinx,1,-0.005975112546011206,-0.005975112546011206,-0.16410046441435072,0.8700872688579893
25105,agl,1,-0.006004385524097796,-0.006004385524097796,-0.15710821989261814,0.8755659955677632
15117,keoz,1,-0.0062505865439384575,-0.0062505865439384575,-0.16071795100960365,0.872830139712675
20301,tauson,2,-0.0063636743633148085,-0.0063636743633148085,-0.40427347188261553,0.19940151848812493
20104,s1n,1,-0.0064609482256209605,-0.0064609482256209605,-0.14675683512008267,0.8837048122739662
17675,m1n1,1,-0.006552633296311436,-0.006552633296311436,-0.177528483534065,0.8595601974572487
11199,beastik,1,-0.006595903102489145,-0.006595903102489145,-0.17080970266502285,0.8648725960992457
22884,gr1ks,7,-0.006651831006677588,-0.003919343321071311,-0.13142762557026147,0.07344579960787359
22880,m1quse,3,-0.006739451250624098,-0.012132655541094451,-0.1877890267586649,0.49182578373083624
11205,stadodo,1,-0.0074005025536488175,-0.0074005025536488175,-0.19942822475525812,0.8424525120389527
19991,hoax,1,-0.00792087266470588,-0.00792087266470588,-0.18626561729698476,0.8527570800247409
18891,cutzmeretz,2,-0.007936073119697696,-0.007936073119697696,-0.17021427463693836,0.44970508590334074
17008,topa,1,-0.00793806175188858,-0.00793806175188858,-0.2089824940743406,0.8351980474324447
23372,xkacpersky,5,-0.00819470887142074,0.001750049658765164,-0.17909707624105908,0.14562344187399212
14737,meyern,2,-0.00831023362633665,-0.00831023362633665,-0.2010483647652328,0.5702773075012033
24556,tele,2,-0.008454333084283368,-0.008454333084283368,-0.22534867246858617,0.6962671050790485
17353,cxzi,3,-0.008457286458717033,-0.018324341228099582,-0.2240276069273085,0.4850533238711993
8374,bodyy,1,-0.008512655254990176,-0.008512655254990176,-0.18866365322020598,0.8508744841419825
20926,andu,2,-0.008978053688619574,-0.008978053688619574,-0.19095988277483208,0.7235656027772404
10394,twistzz,1,-0.009351636068353372,-0.009351636068353372,-0.23174674857490074,0.8173674174073624
15369,redstar,4,-0.009924534602183567,-0.021758985142426676,-0.3132199708601022,0.1693282461973834
21362,truniq,4,-0.010360563248742308,0.0003864593041263773,-0.3514796542542288,0.04133527031562302
22459,sh1nejezzz,5,-0.010380454749760414,0.0035259706667224054,-0.24463748617008346,0.03314468613933999
21816,gizmy,6,-0.010767359423521557,-0.027515442273985915,-0.22269227688964546,0.026393783448710018
21139,pr1metapz,1,-0.01077778414742233,-0.01077778414742233,-0.24172234514431518,0.8096396793424233
20939,history,4,-0.011105443376582511,0.011444666336036262,-0.3379923940874289,0.019114792353903273
16314,pancc,3,-0.011721146035158099,0.007234278926062996,-0.31821457905860645,0.1859814245552807
22189,h4san4tor,3,-0.011839578380147722,-0.02153646632868387,-0.32517612242990807,0.4089448550653936
13843,lucky,1,-0.01185671410762218,-0.01185671410762218,-0.31727095687629603,0.7519029807001476
20282,krasnal,7,-0.011898614133710569,0.0008399365139767872,-0.21926104299512503,0.05767427134466772
18214,nettik,1,-0.01198039038459384,-0.01198039038459384,-0.29249883806337057,0.7707512291985149
23767,adrien,3,-0.012393507150093139,-0.03042442050348994,-0.34359214632663954,0.3579819767562367
23783,fineshine52,8,-0.01258365060616506,0.00655145790063001,-0.30625163180509296,0.03314468613933999
19996,jelo,2,-0.012740105246424268,-0.012740105246424268,-0.3047666708553428,0.1396659458815771
18549,laser,1,-0.012765365828821366,-0.012765365828821366,-0.31009196940714157,0.7573212123258654
20284,maaryy,1,-0.012835133878601591,-0.012835133878601591,-0.33354511878224774,0.7399330994357186
21348,artfr0st,1,-0.013107892889866066,-0.013107892889866066,-0.3693729415995935,0.7128857436233981
20066,aidkit,1,-0.013146474422739605,-0.013146474422739605,-0.316025504749456,0.7528335262874697
22930,tex1y,5,-0.013176947797703254,-0.005940121408860993,-0.3597122379187234,0.06436609204602263
20029,card,5,-0.01326324901446169,-0.0060683376784300275,-0.2644462340950451,0.3010035549235226
22163,misfit,4,-0.013571740261545291,-0.014328010149609478,-0.2564878983753064,0.20426584156017136
8248,jkaem,1,-0.01427572315471564,-0.01427572315471564,-0.34569404263599085,0.7308530617372624
21165,m1key,4,-0.014342514865322757,-0.03159208085116745,-0.4511384469723656,0.12798289952243241
21085,antonini,1,-0.014372881199137124,-0.014372881199137124,-0.3545550328990404,0.7239736145044599
23600,alkaren,2,-0.014389639220881448,-0.014389639220881448,-0.37307771456774064,0.2306239091121317
19231,h1te,1,-0.014423910521183185,-0.014423910521183185,-0.2959938348958272,0.7684407134963074
22536,mag1k3y,4,-0.014718283281064736,-1.0468750577341188e-05,-0.3558599769945846,0.051953760024593086
12810,shock,2,-0.01483957692318307,-0.01483957692318307,-0.3430597519543704,0.6166679645340911
16705,altekz,1,-0.01512721870442942,-0.01512721870442942,-0.35486962925340243,0.7236985154512124
18294,adron,4,-0.015257841934731875,-0.01911569795008441,-0.363862625902751,0.17003549902381318
18670,sellter,1,-0.01535715640257939,-0.01535715640257939,-0.38119976971550606,0.7041170592527041
20885,freq,3,-0.01544976937880397,-0.033639584894271594,-0.3830712619972174,0.2591512482642623
21715,flayy,1,-0.015481408543474115,-0.015481408543474115,-0.3196790476967536,0.7504657458467208
24672,fakerealityy,2,-0.015584877803372543,-0.015584877803372543,-0.3470178836118316,0.10997567756178239
22075,sfade8,1,-0.015767267696709355,-0.015767267696709355,-0.3152480679649693,0.7537146095908898
7592,device,2,-0.01584117549300902,-0.01584117549300902,-0.47318930767482836,0.49130534655923813
9278,rez,2,-0.01625489284365677,-0.01625489284365677,-0.40313478009951303,0.3592932719083109
21452,kvem,2,-0.016468949140320314,-0.016468949140320314,-0.37424297651520577,0.5916050499656695
24485,yiksrezo,5,-0.017099145417391565,-0.016537517207865105,-0.3914258356902819,0.07344579960787359
18141,biguzera,1,-0.01734080166686467,-0.01734080166686467,-0.3620176665820495,0.718806920131392
20563,lux,1,-0.01762039121347982,-0.01762039121347982,-0.382808855880393,0.7033260523148548
19869,try,1,-0.017744377462064,-0.017744377462064,-0.41904598281689504,0.6763409501724404
19763,boros,7,-0.017817510225964135,-0.02565446990723691,-0.46390535334107025,0.10695330769294574
2544,remix,2,-0.017922020502458696,-0.017922020502458696,-0.3862660775837985,0.0435755638638202
14932,faven,2,-0.018137298072536095,-0.018137298072536095,-0.539062581875504,0.25873728854458816
11271,smooya,2,-0.018291113808711693,-0.018291113808711693,-0.4725815731335371,0.3103722736580204
24144,molodoy,2,-0.018300962961329804,-0.018300962961329804,-0.286838253690797,0.3136659132503719
25334,kurosse,1,-0.018319661964863412,-0.018319661964863412,-0.45612489469640877,0.6496380674390305
19808,tn1r,2,-0.018495143921417427,-0.018495143921417427,-0.5177276213062946,0.26812040697956246
20702,jee,2,-0.018657675773225215,-0.018657675773225215,-0.5476432463431283,0.2815944062518123
8212,scrunk,1,-0.01875689179425617,-0.01875689179425617,-0.42768658422451206,0.6700635780277207
11617,malbsmd,1,-0.019140346715058005,-0.019140346715058005,-0.330878869265144,0.7419938825276123
2553,snax,1,-0.019140346715058005,-0.019140346715058005,-0.330878869265144,0.7419938825276123
11276,marko,5,-0.019157084188865973,-0.01905700849299731,-0.43199422603717313,0.10290820438495644
19686,n1ssim,2,-0.019251341962109012,-0.019251341962109012,-0.4733431013692705,0.5744982629348804
22126,nyezin,5,-0.019280761710261995,-0.03253237491474161,-0.4933365364496224,0.20826607269877778
21983,chr1zn,1,-0.019300341536028425,-0.019300341536028425,-0.5116342269154651,0.6109060536758179
20941,buzz,1,-0.019300341536028425,-0.019300341536028425,-0.5116342269154651,0.6109060536758179
13568,ajtt,1,-0.019398053808052183,-0.019398053808052183,-0.4042461438822205,0.6875065667378996
9766,hampus,6,-0.01952362750869177,-0.03322435265903617,-0.3819862308446613,0.10860811277479031
11777,maden,3,-0.019523688463746955,-0.006163200507611158,-0.606584486506263,0.051248698338831264
8183,rain,1,-0.01957952162056638,-0.01957952162056638,-0.41016094650451057,0.6833189303188243
22911,doc,1,-0.019652753130897805,-0.019652753130897805,-0.4285999761442678,0.6697149445083702
21972,neityu,2,-0.019875133512957437,-0.019875133512957437,-0.5584913531539485,0.0930778298047268
16717,br0,2,-0.020292556761294434,-0.020292556761294434,-0.5454710942950284,0.5470627697457475
22085,spinnie,2,-0.02041417684617166,-0.02041417684617166,-0.4706407719405117,0.41410831464877057
9216,coldzera,3,-0.02058647460236303,-0.017426758937482474,-0.5050159303500296,0.3095550157680228
21763,ultimate,1,-0.020804701229568807,-0.020804701229568807,-0.5536925651554948,0.5819814327332556
15165,blamef,1,-0.021745421558095522,-0.021745421558095522,-0.5888597822700685,0.5577609738153482
22914,dex,3,-0.021797733327107962,-0.05203435707369017,-0.41346329707280116,0.022134820533639025
24286,levantino,1,-0.022575829736417016,-0.022575829736417016,-0.6306186184584749,0.5301333295158017
24749,guty,1,-0.02318090168358205,-0.02318090168358205,-0.5465359119300183,0.5869307055785139
24190,youka,1,-0.0235591681891214,-0.0235591681891214,-0.6567109037560203,0.5141994278505759
13602,nicoodoz,4,-0.023634000533259373,-0.02902250534590213,-0.5829289781875207,0.13516966898835378
24806,frontales,1,-0.023798203144431707,-0.023798203144431707,-0.6746954127647053,0.5021297375787147
12708,rigon,2,-0.023923297816757248,-0.023923297816757248,-0.627894254730825,0.4817693878184247
17508,glowiing,2,-0.02393135801749337,-0.02393135801749337,-0.6233182313894966,0.21350779124387465
22106,azuwu,2,-0.023954740159376917,-0.023954740159376917,-0.5490095578336583,0.33331947406406415
3669,innocent,3,-0.02414581631093128,-0.025879801175364203,-0.6074176448020588,0.22672660814968726
23858,mo0n,4,-0.024277486456640116,-0.034935750911399485,-0.5242755892853417,0.3511415324083179
23599,forkyz,1,-0.024335390018720024,-0.024335390018720024,-0.6149029183297764,0.5415312605932431
7998,s1mple,4,-0.024499796719458032,-0.035856725596301944,-0.7274769444339755,0.07775151963857398
6553,fl4sh,2,-0.025022279595820485,-0.025022279595820485,-0.6944085754811862,0.2981473061673888
24177,kyousuke,1,-0.025288315214003855,-0.025288315214003855,-0.6620599658806615,0.509887441536376
22366,nicks,4,-0.025352011994698803,-0.02482430130231072,-0.5928711543622068,0.047172133107058194
19128,slight,1,-0.025621511051765647,-0.025621511051765647,-0.5196600818341804,0.6053268284448728
17803,fear,1,-0.026100872470007655,-0.026100872470007655,-0.6552418771030719,0.5149053524982833
8552,attacker,1,-0.026556770575891262,-0.026556770575891262,-0.6762144820628788,0.5009672784447221
17622,wolffe,3,-0.026838117586574988,-0.006242369514469475,-0.5270911782580924,0.056854568221873146
22570,tomaszin,1,-0.02686715887918234,-0.02686715887918234,-0.596270380927323,0.5527251250027662
23588,n1cks,1,-0.027450368694800636,-0.027450368694800636,-0.7040797843206228,0.48351979455620375
11343,shipz,2,-0.028494176538630206,-0.028494176538630206,-0.686413569588604,0.4480345510321522
13239,qikert,2,-0.0288737349367453,-0.0288737349367453,-0.5651594247638827,0.05725061009791162
12731,sdy,2,-0.02912473397691518,-0.02912473397691518,-0.7403816643183865,0.1984108062796241
10566,chelo,1,-0.029125447967969235,-0.029125447967969235,-0.6044196308651414,0.5479903226323866
13026,c0llins,1,-0.02923928289795477,-0.02923928289795477,-0.6619048948904174,0.5100235578601834
14744,calamity,1,-0.02924408482137144,-0.02924408482137144,-0.5451839999482743,0.5878258341347747
16612,n0rb3r7,1,-0.029475771659728662,-0.029475771659728662,-0.8141221068336675,0.4180924322551861
7398,dupreeh,1,-0.029488853899599016,-0.029488853899599016,-0.8170791097808335,0.416413447684182
4679,jks,2,-0.02964034628595044,-0.02964034628595044,-0.7041478717862186,0.08216173803667193
10828,dok,3,-0.029788852360142875,-0.03614046659448375,-0.7925112057989838,0.2688867959375924
24863,timo,1,-0.029927097986773184,-0.029927097986773184,-0.9512148709570124,0.3446473557402172
8918,electronic,2,-0.029977457806967308,-0.029977457806967308,-0.8461504681286577,0.07775151963857398
19985,nacho,2,-0.030513803007184745,-0.030513803007184745,-0.6415206914892746,0.06050488966924021
19920,kair0n,5,-0.030809663309540138,-0.013808437433273884,-0.7223227475742963,0.004198664962664571
18714,piriajr,3,-0.031033432883000114,-0.042276287477841276,-0.8220080952973677,0.11284810209034737
17306,degster,3,-0.03148169178071358,-0.058691293360441904,-0.8740755405194628,0.0940055810346403
16947,perfecto,1,-0.03208673263582339,-0.03208673263582339,-0.8745806069007811,0.3844919855050896
20987,brnz4n,1,-0.03292295630522701,-0.03292295630522701,-0.7490052396348594,0.4561617754689488
12094,1962,1,-0.032946331498153014,-0.032946331498153014,-0.7306566089314444,0.46748912605407317
8950,kaze,2,-0.03328660201451367,-0.03328660201451367,-0.815029023054103,0.15906812693009517
20358,volt,1,-0.033965341507458266,-0.033965341507458266,-0.7468043334192803,0.4582219547047538
11942,buster,1,-0.03397615683848891,-0.03397615683848891,-1.0860060280125077,0.2809294140532813
6904,styko,1,-0.034714614734961444,-0.034714614734961444,-0.7571611895610416,0.45204314227249415
22929,nota,1,-0.03556505813318993,-0.03556505813318993,-0.6661228582626904,0.5088345288106412
18790,cacanito,1,-0.03600543279052182,-0.03600543279052182,-1.0136082143867273,0.3139106123441688
17117,shield,2,-0.036120522692420415,-0.036120522692420415,-0.91139880316406,0.10431296301963258
22182,ksloks,2,-0.03684504741562342,-0.03684504741562342,-1.0332406048365463,0.012555952185759098
17504,kei,1,-0.03771639241506711,-0.03771639241506711,-0.919491563333603,0.36171760932122277
20577,bruninho,1,-0.03780617769998948,-0.03780617769998948,-0.7612525431342654,0.4497469979432194
23553,dziugss,1,-0.037828758382679475,-0.037828758382679475,-1.0188060645683668,0.31147424048599376
22279,pr,1,-0.037866521729867916,-0.037866521729867916,-0.9241864259083019,0.3592932719083109
20119,nilo,2,-0.03798811657662021,-0.03798811657662021,-0.9290592034582643,0.2972854564779934
9255,draken,1,-0.038433821189084554,-0.038433821189084554,-0.98255087478477,0.32933492879004134
9219,felps,3,-0.03877033126204577,-0.03253237491474161,-0.9779811291426331,0.12222973962714476
14218,plopski,1,-0.040008017261373825,-0.040008017261373825,-0.9492783337247205,0.3456304416681853
19236,kensi,1,-0.0400271466602931,-0.0400271466602931,-0.8161997879430088,0.41782086372188415
16820,siuhy,1,-0.04008768321925709,-0.04008768321925709,-1.2206656599096315,0.22604174653655754
20054,rafaxf,1,-0.04016453034858923,-0.04016453034858923,-0.9188081598965758,0.3621819668216069
23237,tmkj,1,-0.04016453034858923,-0.04016453034858923,-0.9188081598965758,0.3621819668216069
21155,naz,2,-0.04019253964296291,-0.04019253964296291,-1.0207509164405677,0.10564131901221972
11995,tmb,2,-0.040301695149259846,-0.040301695149259846,-1.0897550740326707,0.051158694026138304
20709,r3salt,3,-0.040768684087866304,-0.04766341328169081,-1.0368510962584816,0.16926875098499986
14736,dgt,2,-0.0409394462553372,-0.0409394462553372,-0.9592160677268173,0.12381305548074922
19284,prosus,2,-0.04184274826007753,-0.04184274826007753,-0.6436760701640297,0.08962802653519156
10961,kristou,3,-0.04203932444267444,-0.049083873997362,-0.9593251591079147,0.022607255531953512
13497,lucky,1,-0.04261869992662391,-0.04261869992662391,-1.0252014043595092,0.3084620498607476
13287,bnc,2,-0.04309752576468162,-0.04309752576468162,-0.9808303734610369,0.3259445638111525
19536,yami,2,-0.04354181082011361,-0.04354181082011361,-0.9914578904525112,0.13915812264660404
18610,detr0ittj,1,-0.04371546910047651,-0.04371546910047651,-0.94784293582912,0.34639883208673206
21014,ag1l,2,-0.04373488460420218,-0.04373488460420218,-1.1235286598834708,0.17034364543922512
21221,maxxkor,1,-0.04384941081113029,-0.04384941081113029,-0.898010106783698,0.3728959830675708
23100,c4llm3su3,1,-0.04477686474079713,-0.04477686474079713,-1.2155515074138048,0.22860219692518885
21159,bobeksde,3,-0.04554837234437268,-0.03887014877320247,-1.1493042467886696,0.14562344187399212
17937,isak,3,-0.045999168375326194,-0.059240350896831745,-1.0598255560563588,0.03955203864608681
20637,b1elany,1,-0.047561996105459026,-0.047561996105459026,-1.2241350831542444,0.22486172740026664
22803,bl1x1,1,-0.048297169994429186,-0.048297169994429186,-1.2579099759497296,0.21350779124387465
22101,spardaus,1,-0.048532722109605166,-0.048532722109605166,-1.3749787224656949,0.1735887904227333
19709,shane,2,-0.04865138633044869,-0.04865138633044869,-1.1751922008538582,0.05869722980335909
17305,finigan,1,-0.04996114856746409,-0.04996114856746409,-1.205789774785742,0.23156805216022752
7964,cadian,1,-0.04998388930712973,-0.04998388930712973,-1.242165514125561,0.2178975070701233
17028,abr,1,-0.050544278947596576,-0.050544278947596576,-1.4688933240308735,0.14588340444738684
22777,diozera,1,-0.0517719553443213,-0.0517719553443213,-1.3757030741079013,0.17289839183445027
13915,yekindar,1,-0.05195269815469403,-0.05195269815469403,-1.0163901228350434,0.3136659132503719
21100,zede,1,-0.052139727712849776,-0.052139727712849776,-1.1414836439926133,0.2591512482642623
9618,nexa,1,-0.05462093226026432,-0.05462093226026432,-1.2657601280604895,0.2094044132088402
19972,ckzao,1,-0.05480866929579398,-0.05480866929579398,-0.9917938268166298,0.3259445638111525
22702,cej0t,4,-0.05589361534280049,-0.04878968749743921,-1.3950941857373287,0.004321357094557015
14419,roej,1,-0.05609534743698831,-0.05609534743698831,-1.5161420376650672,0.13516966898835378
11337,rcf,1,-0.056678670471948904,-0.056678670471948904,-1.2736633948711575,0.20826607269877778
20083,ninjaz,1,-0.05741494469569926,-0.05741494469569926,-1.4869345475884128,0.14126452371077786
21163,susp,1,-0.05875244480053944,-0.05875244480053944,-1.2483625896572497,0.21705716823437887
20071,fanatyk,1,-0.060059619601874656,-0.060059619601874656,-1.5941021119450882,0.11527982474949523
23550,divine,1,-0.06060612605364097,-0.06060612605364097,-1.322958582097649,0.19105196125734475
20521,alisson,1,-0.06060612605364097,-0.06060612605364097,-1.322958582097649,0.19105196125734475
9571,cj-da-k1ng,1,-0.06094382409500243,-0.06094382409500243,-1.5750939171993996,0.12074085194090092
12521,art,1,-0.061276150514036065,-0.061276150514036065,-1.4325871366425982,0.15771090772983143
20123,regali,1,-0.06254150760537698,-0.06254150760537698,-1.3739100491592073,0.17352259452515895
17325,nolkz,1,-0.06308355690124909,-0.06308355690124909,-1.8829325551557927,0.06355979834537971
12945,blytz,1,-0.06445019021558268,-0.06445019021558268,-1.7174670251482003,0.08998479489336536
22084,mello,1,-0.06668259789572109,-0.06668259789572109,-1.5818388638758967,0.11797227645368961
7687,nitr0,1,-0.06717429294558908,-0.06717429294558908,-1.6907899703854032,0.09486961380341635
18717,lucaozy,2,-0.06728631540285526,-0.06728631540285526,-1.4932341407346512,0.004450549728905202
15204,vegi,1,-0.06751920592366409,-0.06751920592366409,-1.8377560370172865,0.07014164029832452
20534,kiro,1,-0.0688555344633981,-0.0688555344633981,-1.9717130305793544,0.05219808424304928
11110,golden,2,-0.06926585600819926,-0.06926585600819926,-1.6218402690644296,0.03384221985797993
18865,dav1deus,1,-0.06933303133488883,-0.06933303133488883,-1.679270608570578,0.09710400407079967
16731,iceberg,1,-0.07519955910673816,-0.07519955910673816,-1.993792768599394,0.04975374341644906
19846,clasia,1,-0.07565568475687158,-0.07565568475687158,-1.405791072583676,0.16581794855119109
17372,fang,1,-0.07890476500282517,-0.07890476500282517,-1.9354462065405986,0.05869722980335909
8565,hen1,1,-0.0800619451411484,-0.0800619451411484,-1.8115129497704714,0.07391095341795068
19164,sunpayus,1,-0.08372353104490154,-0.08372353104490154,-1.6592650025435047,0.10293281772886338
21062,matys,1,-0.08372353104490154,-0.08372353104490154,-1.6592650025435047,0.10293281772886338
21667,magnojez,1,-0.08460551346744666,-0.08460551346744666,-2.2519876650216846,0.02718797097438567
16814,danoco,1,-0.084803633104197,-0.084803633104197,-2.073215927931091,0.041534953418936454
16921,nafany,2,-0.09007770089745024,-0.09007770089745024,-2.211098840060587,0.004198664962664571
17011,shalfey,1,-0.09109098976229862,-0.09109098976229862,-2.159143158573923,0.0339244298448669
18456,fostar,1,-0.093601014287788,-0.093601014287788,-2.492207201391031,0.014929367152945135
16645,drg,1,-0.09802228259853452,-0.09802228259853452,-2.235568112831103,0.028587982389068452
20300,kraghen,1,-0.10116129672081306,-0.10116129672081306,-2.5724215595434563,0.012109933180636585
17116,ragga,1,-0.11502076842710011,-0.11502076842710011,-2.6579340312617314,0.01028975427781864
19817,s0und,1,-0.11502076842710011,-0.11502076842710011,-2.6579340312617314,0.01028975427781864
20183,decenty,1,-0.13418871636197924,-0.13418871636197924,-2.9773711771856695,0.004450549728905202
