hltv_player_id,true_plus_minus,pm_maps,avg_rating,win_rate,label
7687,2.606741573033708,89,0.7326741573033708,0.6966292134831461,nitr0
18462,2.5946969696969697,264,0.6893484848484849,0.6931818181818182,mezii
16693,2.5547445255474455,274,0.7530948905109489,0.6861313868613139,flamez
11893,2.5547445255474455,274,0.8523467153284672,0.6861313868613139,zywoo
7322,2.5547445255474455,274,0.6768978102189781,0.6861313868613139,apex
20423,2.506787330316742,221,0.7561764705882353,0.6923076923076923,zont1x
18317,2.4242424242424243,198,0.6792323232323232,0.6767676767676768,magixx
18838,2.3833333333333333,120,0.7324,0.6666666666666666,hext
21286,2.3636363636363638,55,0.8176727272727273,0.6545454545454545,mlhzin
19692,2.3294797687861273,173,0.6943583815028902,0.6647398843930635,zevy
16920,2.221311475409836,244,0.7457909836065574,0.6680327868852459,sh1ro
21167,2.221311475409836,244,0.9423852459016394,0.6680327868852459,donk
7716,2.221311475409836,244,0.6253893442622951,0.6680327868852459,chopper
22674,2.1934156378600824,243,0.6767160493827161,0.6748971193415638,cmtry
22703,2.1357142857142857,140,0.7458214285714285,0.7,moonwalk
20584,2.130081300813008,246,0.7485975609756098,0.6707317073170732,dem0n
22203,2.130081300813008,246,0.7959430894308943,0.6707317073170732,krabeni
20026,2.1280487804878048,164,0.7399390243902438,0.6646341463414634,chayjesus
23553,2.0991735537190084,242,0.760690082644628,0.6694214876033058,dziugss
24177,2.009478672985782,211,0.882739336492891,0.6398104265402843,kyousuke
20333,1.9850746268656716,134,0.8272164179104478,0.6492537313432836,jeorge
22673,1.9064039408866995,203,0.8216847290640393,0.6502463054187192,makazze
12521,1.8967391304347827,184,0.7843260869565217,0.6358695652173914,art
11816,1.8338762214983713,307,0.7626807817589577,0.6514657980456026,ropz
23771,1.831578947368421,95,0.7540421052631578,0.6210526315789474,oz1k
23770,1.831578947368421,95,0.7809368421052633,0.6210526315789474,cronuss
20104,1.8227848101265822,158,0.7353481012658228,0.6012658227848101,s1n
22366,1.8046875,128,0.6731640625,0.6328125,nicks
15370,1.798780487804878,164,0.6952987804878048,0.5975609756097561,slaxz
16599,1.798780487804878,164,0.7602256097560977,0.5975609756097561,swisher
22929,1.7944250871080138,287,0.7555052264808363,0.6167247386759582,nota
15071,1.7881355932203389,118,0.6544576271186441,0.6101694915254238,interz
19065,1.7108433734939759,83,0.6096144578313253,0.6024096385542169,shine
22886,1.709090909090909,55,0.7762727272727272,0.6,xeedo
23684,1.709090909090909,55,0.7565454545454545,0.6,relaxxie
23686,1.709090909090909,55,0.7207272727272728,0.6,kashl1d
22415,1.6730769230769231,52,0.6744807692307693,0.6153846153846154,accuracytg
23459,1.6694915254237288,118,0.7780847457627118,0.6016949152542372,stressarn
20563,1.6628787878787878,264,0.7767537878787878,0.6174242424242424,lux
16816,1.6130653266331658,199,0.852748743718593,0.628140703517588,vsm
23600,1.5968586387434556,191,0.6805445026178011,0.6230366492146597,alkaren
3347,1.5862068965517242,58,0.668,0.5517241379310345,seized
16717,1.5496688741721854,151,0.749112582781457,0.6026490066225165,br0
20085,1.5124555160142348,281,0.7311423487544484,0.604982206405694,kauez
20903,1.5107142857142857,280,0.7884785714285715,0.6107142857142858,senzu
12822,1.4931506849315068,219,0.7161415525114155,0.6118721461187214,vini
22564,1.4931506849315068,219,0.7455433789954338,0.6118721461187214,noway
13776,1.4674220963172804,353,0.6965807365439094,0.6005665722379604,jame
19235,1.4405405405405405,370,0.7886837837837838,0.5945945945945946,belchonokk
20097,1.44,50,0.7141,0.58,h4rn
24863,1.432,125,0.73988,0.608,timo
18221,1.4302788844621515,251,0.7711832669322709,0.6055776892430279,spinx
23457,1.4225352112676057,71,0.7838309859154929,0.5915492957746479,zesta
19846,1.4210526315789473,57,0.7792807017543859,0.6140350877192983,clasia
20245,1.4183673469387754,294,0.674312925170068,0.6258503401360545,samey
19230,1.4146341463414633,287,0.7938153310104529,0.6167247386759582,m0nesy
23762,1.3977272727272727,88,0.7422159090909091,0.6590909090909091,z1k4
22921,1.3739837398373984,123,0.8166991869918698,0.5772357723577236,lake
11617,1.3700440528634361,227,0.7955242290748898,0.5770925110132159,malbsmd
20692,1.3595505617977528,89,0.773247191011236,0.5730337078651685,dea
13249,1.3571428571428572,84,0.736452380952381,0.6071428571428571,osee
20183,1.3515981735159817,219,0.7775068493150685,0.589041095890411,decenty
21001,1.3466666666666667,300,0.73393,0.5933333333333334,mzinho
21809,1.3466666666666667,300,0.6998066666666667,0.5933333333333334,910
20194,1.3466666666666667,300,0.7649933333333333,0.5933333333333334,blitz
20275,1.3466666666666667,300,0.70352,0.5933333333333334,techno
21139,1.3248407643312101,157,0.7158980891719745,0.5859872611464968,pr1metapz
3741,1.3102310231023102,303,0.8184191419141914,0.6072607260726073,niko
19686,1.3070175438596492,114,0.689657894736842,0.5789473684210527,n1ssim
16835,1.3012820512820513,156,0.7159423076923077,0.5897435897435898,ponter
22878,1.3,90,0.7355222222222223,0.6444444444444445,senka
24568,1.3,90,0.7792555555555555,0.6444444444444445,flouzer
8528,1.2916666666666667,144,0.8264444444444444,0.5763888888888888,hobbit
20558,1.2730627306273063,271,0.6896088560885608,0.5977859778597786,gafolo
17918,1.2727272727272727,132,0.7296060606060607,0.5909090909090909,nosrac
21170,1.2527472527472527,273,0.7628315018315018,0.5860805860805861,koala
19705,1.2454545454545454,110,0.7343636363636363,0.6,chop
11840,1.2352941176470589,221,0.7288778280542986,0.583710407239819,boombl4
6593,1.2335766423357664,137,0.6952846715328468,0.5912408759124088,pkl
18714,1.2166666666666666,240,0.8335583333333333,0.575,piriajr
20357,1.1906158357771262,341,0.7739384164222874,0.5689149560117303,d1ledez
3972,1.1799163179916319,239,0.7174058577405859,0.602510460251046,hunter
20385,1.1777777777777778,180,0.7276055555555555,0.5944444444444444,kye
20112,1.1651090342679127,321,0.7651682242990654,0.6043613707165109,alex666
22911,1.1549295774647887,284,0.8296866197183098,0.5845070422535211,doc
13230,1.1538461538461537,91,0.7427472527472528,0.6043956043956044,motm
20878,1.152542372881356,236,0.780364406779661,0.5635593220338984,adamb
21263,1.1497797356828194,227,0.7546299559471366,0.6035242290748899,olimp
22643,1.1475409836065573,122,0.7792131147540984,0.6147540983606558,nifee
19079,1.1428571428571428,112,0.8111339285714285,0.5982142857142857,fruitcupx
15203,1.1421319796954315,197,0.8361624365482233,0.6243654822335025,reiko
23643,1.1415384615384616,325,0.6556123076923077,0.6030769230769231,esenthial
21708,1.1415384615384616,325,0.8218338461538461,0.6030769230769231,npl
20700,1.1320754716981132,159,0.6828867924528301,0.5849056603773585,lattykk
19206,1.1284916201117319,179,0.7810279329608939,0.5921787709497207,jl
22471,1.1272727272727272,330,0.8066,0.5666666666666667,xielo
21921,1.1263157894736842,285,0.7471333333333333,0.5824561403508772,rdnzao
16147,1.1165413533834587,266,0.7408007518796993,0.5902255639097744,cptkurtka023
24176,1.1140350877192982,228,0.7365482456140351,0.5921052631578947,mokuj1n
23319,1.1140350877192982,228,0.7222236842105263,0.5921052631578947,syph0
22864,1.1140350877192982,228,0.7325877192982456,0.5921052631578947,robo
20185,1.1100478468899522,209,0.7176507177033493,0.583732057416268,cass1n
20690,1.1065573770491803,244,0.7409057377049181,0.5655737704918032,zock
20958,1.102439024390244,205,0.7490341463414634,0.6,bajmi
22570,1.1018181818181818,275,0.8303781818181818,0.5672727272727273,tomaszin
20465,1.1012658227848102,237,0.7207679324894515,0.5780590717299579,arrozdoce
18987,1.0893617021276596,235,0.7733063829787234,0.5872340425531914,b1t
20127,1.0893617021276596,235,0.704136170212766,0.5872340425531914,w0nderful
14759,1.0893617021276596,235,0.7831617021276596,0.5872340425531914,im
9816,1.0893617021276596,235,0.6307021276595745,0.5872340425531914,aleksib
19592,1.083076923076923,325,0.7381169230769231,0.5969230769230769,headtr1ck
7805,1.072289156626506,83,0.7283975903614458,0.5783132530120482,rush
15698,1.0710059171597632,169,0.7904674556213017,0.5798816568047337,dumau
19045,1.0710059171597632,169,0.8162485207100592,0.5798816568047337,latto
20119,1.0666666666666667,180,0.793988888888889,0.5666666666666667,nilo
18571,1.0634920634920635,315,0.7632571428571429,0.5904761904761905,cypher
19677,1.0586206896551724,290,0.6710793103448276,0.5758620689655173,kyxsan
12018,1.0586206896551724,290,0.7288068965517241,0.5758620689655173,teses
17378,1.0578512396694215,121,0.7268016528925619,0.5454545454545454,reck
2161,1.0577617328519855,277,0.6415162454873646,0.5667870036101083,noktse
8565,1.0571428571428572,140,0.7196357142857143,0.5642857142857143,hen1
9136,1.0384615384615385,52,0.7537115384615384,0.5961538461538461,brehze
18761,1.037037037037037,81,0.7582839506172839,0.5679012345679012,viz
18072,1.025735294117647,272,0.6891838235294118,0.5882352941176471,torzsi
13666,1.025735294117647,272,0.7172941176470587,0.5882352941176471,brollan
20312,1.025735294117647,272,0.8060808823529412,0.5882352941176471,xertion
18850,1.025735294117647,272,0.7424889705882353,0.5882352941176471,jimpphat
24144,1.0205479452054795,146,0.7219109589041096,0.6232876712328768,molodoy
18717,1.0154639175257731,194,0.7726443298969072,0.5773195876288659,lucaozy
19614,1.0138888888888888,144,0.6873819444444444,0.5555555555555556,s4ltovsk1yy
19962,1.0103092783505154,97,0.7258865979381444,0.6288659793814433,re1gn
9483,1.0043103448275863,232,0.7493146551724138,0.5603448275862069,destiny
22069,1.0,107,0.7717383177570093,0.5887850467289719,grizz
21983,0.9970501474926253,339,0.7494837758112094,0.5722713864306784,chr1zn
19869,0.9926470588235294,136,0.7457058823529411,0.5955882352941176,try
23045,0.984251968503937,127,0.7181811023622048,0.5590551181102362,lukiz
9219,0.9818181818181818,165,0.7964484848484847,0.5636363636363636,felps
21667,0.9733333333333334,300,0.8164833333333333,0.5933333333333334,magnojez
22842,0.9705882352941176,136,0.7833308823529412,0.5808823529411765,kensizor
7938,0.9597069597069597,273,0.8336153846153846,0.5714285714285714,xantares
20564,0.944954128440367,109,0.7372935779816513,0.5871559633027523,d4rty
19128,0.9440559440559441,143,0.7051888111888112,0.5874125874125874,slight
20522,0.9224489795918367,245,0.7792081632653062,0.5673469387755102,gbb
14494,0.9178082191780822,146,0.7388150684931507,0.5684931506849316,junior
18743,0.9173553719008265,242,0.6276776859504132,0.5578512396694215,nython
20273,0.9102564102564102,78,0.7776538461538461,0.5,cajun
11139,0.900990099009901,101,0.6397524752475247,0.5445544554455446,alistair
23902,0.9,70,0.7788142857142858,0.5428571428571428,fxre
20761,0.8941605839416058,274,0.79507299270073,0.572992700729927,launx
24173,0.8928571428571429,224,0.7998928571428571,0.5535714285714286,tenzy
19044,0.8917525773195877,194,0.7551237113402062,0.5463917525773195,f1ku
13915,0.8914027149321267,221,0.7423167420814479,0.583710407239819,yekindar
22361,0.8870431893687708,301,0.7613720930232558,0.5813953488372093,jottaaa
21243,0.8781362007168458,279,0.7741469534050179,0.5663082437275986,wicadia
150,0.8781362007168458,279,0.6319892473118279,0.5663082437275986,maj3r
8574,0.8781362007168458,279,0.6959569892473119,0.5663082437275986,woxic
23410,0.8780487804878049,82,0.6912195121951219,0.5121951219512195,coolcoms
19064,0.8713450292397661,171,0.7854035087719299,0.5730994152046783,spooke
21621,0.8571428571428571,112,0.7427053571428571,0.5535714285714286,moseyuh
23295,0.8566037735849057,265,0.7753018867924529,0.5471698113207547,kisserek
2553,0.8564356435643564,202,0.6494257425742574,0.5742574257425742,snax
24283,0.8512396694214877,121,0.8173223140495868,0.5950413223140496,cairne
18506,0.8452012383900929,323,0.723374613003096,0.5851393188854489,s1ren
9521,0.8433734939759037,83,0.7551566265060241,0.5662650602409639,dobu
22835,0.8363636363636363,55,0.8296545454545454,0.5636363636363636,rekmeister
20254,0.8345323741007195,139,0.7938705035971223,0.5539568345323741,starry
17306,0.8235294117647058,136,0.6835441176470588,0.5588235294117647,degster
16314,0.8076923076923077,130,0.7491153846153846,0.5384615384615384,pancc
10870,0.8024691358024691,81,0.764641975308642,0.5679012345679012,kabal
9216,0.8,210,0.7648666666666666,0.5333333333333333,coldzera
20394,0.7984189723320159,253,0.7844624505928853,0.5454545454545454,luchov
23458,0.7976190476190477,84,0.7932857142857143,0.5476190476190477,laxiee
21779,0.7972222222222223,360,0.7342972222222222,0.5777777777777777,nut-nut
22135,0.7969924812030075,133,0.7491954887218045,0.518796992481203,peeping
19750,0.792156862745098,255,0.7250392156862745,0.5450980392156862,drop
21972,0.7855227882037533,373,0.757941018766756,0.5495978552278821,neityu
24048,0.782608695652174,92,0.7787173913043478,0.532608695652174,slump
16817,0.7784090909090909,176,0.7953749999999999,0.5454545454545454,hardzao
24168,0.7633587786259542,131,0.6469465648854962,0.5801526717557252,onic
24282,0.7633587786259542,131,0.8072900763358778,0.5801526717557252,dawy
23642,0.7633587786259542,131,0.6848320610687022,0.5801526717557252,flierax
11219,0.7594594594594595,370,0.6552864864864865,0.5621621621621622,cerq
20417,0.7579787234042553,376,0.7808164893617021,0.5718085106382979,anlelele
21288,0.7566371681415929,226,0.7403628318584071,0.5398230088495575,venomzera
11995,0.75,352,0.7193380681818181,0.5596590909090909,tmb
13250,0.7457627118644068,118,0.6313644067796611,0.5423728813559322,ben1337
20464,0.7393364928909952,211,0.7831469194312796,0.5545023696682464,ewjerkz
20702,0.7363636363636363,110,0.7017181818181818,0.5272727272727272,jee
18141,0.7316176470588235,272,0.7479485294117647,0.5477941176470589,biguzera
24296,0.7288135593220338,59,0.6285932203389831,0.5084745762711864,angelo
21266,0.7278688524590164,305,0.7041868852459017,0.5573770491803278,1eer
22460,0.7278688524590164,305,0.7537016393442623,0.5573770491803278,riskyb0b
20387,0.7278688524590164,305,0.7701344262295081,0.5573770491803278,xant3r
11213,0.7267441860465116,172,0.7281162790697675,0.5523255813953488,delboni
16820,0.7248908296943232,229,0.673877729257642,0.5633187772925764,siuhy
23317,0.7236842105263158,304,0.6974210526315789,0.555921052631579,khan
22695,0.7220902612826603,421,0.7681947743467934,0.5629453681710214,sirah
21348,0.7104247104247104,259,0.6929266409266409,0.5482625482625483,artfr0st
19187,0.7103174603174603,252,0.8423373015873016,0.5714285714285714,xfl0ud
14932,0.7047353760445683,359,0.7555236768802228,0.5821727019498607,faven
14148,0.7012987012987013,231,0.7447575757575757,0.5541125541125541,sjuush
12937,0.6964285714285714,112,0.6954107142857142,0.5714285714285714,wolfy
22333,0.6931818181818182,88,0.7995909090909091,0.5681818181818182,miq
23047,0.6931506849315069,365,0.7572876712328768,0.5260273972602739,sdaim
19015,0.6923076923076923,156,0.7308525641025642,0.5384615384615384,bymas
17803,0.6909975669099757,411,0.6891532846715329,0.5693430656934306,fear
23046,0.6821917808219178,365,0.753586301369863,0.5561643835616439,jambo
14273,0.676923076923077,195,0.659251282051282,0.517948717948718,idisbalance
8248,0.6748466257668712,163,0.8176503067484662,0.5644171779141104,jkaem
20171,0.6739130434782609,276,0.7046268115942029,0.5362318840579711,snow
23685,0.673469387755102,196,0.7611581632653062,0.5663265306122449,zweih
15914,0.6728971962616822,107,0.8389252336448598,0.5887850467289719,luken
20941,0.6695652173913044,115,0.7723913043478261,0.5478260869565217,buzz
10570,0.6666666666666666,54,0.7561851851851851,0.5370370370370371,dzt
22760,0.6666666666666666,192,0.686078125,0.5729166666666666,upe
19738,0.6653696498054474,257,0.7466575875486381,0.5719844357976653,djoko
22965,0.6631578947368421,190,0.6831157894736842,0.5526315789473685,saadzin
16948,0.6539792387543253,289,0.7162491349480969,0.5397923875432526,travis
16487,0.6538461538461539,208,0.7560432692307693,0.5769230769230769,eraa
17622,0.6538461538461539,78,0.7978205128205128,0.5384615384615384,wolffe
22047,0.6529850746268657,268,0.6970037313432835,0.5634328358208955,yxngstxr
23551,0.6492146596858639,191,0.7557329842931937,0.5392670157068062,tomate
21221,0.644808743169399,183,0.7834098360655738,0.5355191256830601,maxxkor
8183,0.6442687747035574,253,0.7578379446640316,0.549407114624506,rain
20945,0.6428571428571429,182,0.7189615384615384,0.5494505494505495,frontsiderr
20607,0.6428571428571429,224,0.7402142857142857,0.5401785714285714,buda
11343,0.6416666666666667,120,0.8776666666666666,0.5583333333333333,shipz
19694,0.6413043478260869,276,0.706054347826087,0.5398550724637681,nqz
21012,0.6351351351351351,148,0.7058445945945946,0.5472972972972973,ro1f
10330,0.634020618556701,194,0.6812113402061856,0.5360824742268041,acor
13602,0.6260504201680672,238,0.7180546218487395,0.5588235294117647,nicoodoz
16080,0.625,296,0.7793277027027028,0.527027027027027,dycha
20885,0.624390243902439,205,0.6928487804878048,0.5170731707317073,freq
19874,0.6219512195121951,246,0.8117154471544715,0.540650406504065,masval
16814,0.6210526315789474,190,0.7674894736842106,0.5578947368421052,danoco
20939,0.6190476190476191,126,0.6786666666666666,0.5555555555555556,history
19310,0.6127819548872181,266,0.668218045112782,0.5601503759398496,lnz
23414,0.6,395,0.7568860759493672,0.5392405063291139,jackasmo
12708,0.6,185,0.7619027027027027,0.5405405405405406,rigon
16645,0.5985915492957746,142,0.6939647887323944,0.5422535211267606,drg
23413,0.5960591133004927,203,0.7088275862068966,0.5517241379310345,s-chilla
20521,0.5952380952380952,84,0.7361428571428571,0.5119047619047619,alisson
12004,0.5948827292110874,469,0.7451385927505331,0.5330490405117271,clax
13239,0.5935483870967742,310,0.6967774193548387,0.5290322580645161,qikert
15662,0.5930735930735931,231,0.7086666666666667,0.5627705627705628,zorte
9618,0.592,250,0.683904,0.572,nexa
17504,0.5853658536585366,82,0.7657073170731707,0.5365853658536586,kei
9766,0.5844155844155844,308,0.7478409090909092,0.5584415584415584,hampus
22362,0.5828877005347594,187,0.7433101604278075,0.5561497326203209,xureba
19711,0.5765765765765766,111,0.7560990990990991,0.5045045045045045,snav
20358,0.567741935483871,310,0.7307032258064516,0.5548387096774193,volt
11337,0.5657894736842105,76,0.7021052631578947,0.4868421052631579,rcf
22807,0.5647058823529412,85,0.7570470588235294,0.5294117647058824,aragornn
21665,0.5609756097560976,164,0.741298780487805,0.5365853658536586,jba
17508,0.5589519650655022,458,0.821325327510917,0.519650655021834,glowiing
22129,0.5586592178770949,179,0.725877094972067,0.547486033519553,antyvirus
21113,0.5555555555555556,198,0.664989898989899,0.5303030303030303,modo
19882,0.5550935550935551,481,0.723995841995842,0.5467775467775468,norwi
20994,0.5546875,256,0.76994921875,0.56640625,fl4mus
22040,0.5525114155251142,219,0.8048949771689498,0.5342465753424658,z1nny
9571,0.55,80,0.71505,0.5625,cj-da-k1ng
18053,0.5490909090909091,275,0.6988254545454545,0.5454545454545454,broky
12731,0.5476190476190477,252,0.800670634920635,0.5317460317460317,sdy
10557,0.5454545454545454,55,0.6377636363636363,0.4909090909090909,land1n
20071,0.5439560439560439,182,0.6876923076923077,0.5439560439560439,fanatyk
19617,0.5409836065573771,61,0.7682622950819672,0.5409836065573771,amster
20534,0.5303643724696356,247,0.6711497975708502,0.5303643724696356,kiro
21159,0.5287356321839081,261,0.7773256704980843,0.5478927203065134,bobeksde
20686,0.5245901639344263,183,0.7573497267759562,0.5409836065573771,suonko
20709,0.52046783625731,342,0.7939853801169591,0.5409356725146199,r3salt
8507,0.5185185185185185,162,0.6597962962962963,0.5370370370370371,stanislaw
16726,0.517948717948718,195,0.739651282051282,0.558974358974359,phzy
9960,0.5176056338028169,284,0.8011021126760564,0.5387323943661971,frozen
429,0.5176056338028169,284,0.6394014084507043,0.5387323943661971,karrigan
3459,0.5161290322580645,248,0.6870282258064516,0.5282258064516129,kinqie
22927,0.5161290322580645,248,0.760491935483871,0.5282258064516129,executor
6904,0.5161290322580645,93,0.7202258064516128,0.5698924731182796,styko
20447,0.5159574468085106,188,0.7949680851063831,0.5159574468085106,heavygod
24179,0.5139442231075697,251,0.7244780876494024,0.5418326693227091,spavaqu
20879,0.5104166666666666,192,0.7525572916666667,0.5416666666666666,maxster
18697,0.5072463768115942,138,0.7742246376811595,0.5434782608695652,oxygen
20430,0.504950495049505,202,0.6753564356435643,0.5346534653465347,alpha
4679,0.504424778761062,113,0.7270176991150443,0.504424778761062,jks
16612,0.5033112582781457,151,0.7040860927152318,0.543046357615894,n0rb3r7
20402,0.5,218,0.7493807339449542,0.536697247706422,synyx
8738,0.49767441860465117,215,0.823353488372093,0.5581395348837209,elige
18322,0.49583333333333335,240,0.6982916666666666,0.525,kaiser
23763,0.48659003831417624,261,0.6722452107279693,0.5287356321839081,pepo
22794,0.4861111111111111,72,0.7847500000000001,0.4861111111111111,drop
22930,0.48412698412698413,252,0.780515873015873,0.5238095238095238,tex1y
13240,0.4837662337662338,308,0.7198863636363636,0.5064935064935064,lack1
19926,0.4813664596273292,322,0.708195652173913,0.5062111801242236,afro
7528,0.4811594202898551,345,0.6944898550724637,0.5391304347826087,krimz
18140,0.4793388429752066,121,0.7177272727272728,0.5206611570247934,f4stzin
2023,0.4758364312267658,269,0.6368736059479554,0.5613382899628253,fallen
15631,0.4758364312267658,269,0.8164609665427509,0.5613382899628253,kscerato
12553,0.4758364312267658,269,0.7654089219330855,0.5613382899628253,yuurih
13689,0.46774193548387094,62,0.7254193548387097,0.5161290322580645,jchance
17145,0.4662576687116564,326,0.7837576687116564,0.5306748466257669,rainwaker
16486,0.4647887323943662,213,0.6874882629107981,0.5492957746478874,ztr
23292,0.46099290780141844,141,0.6921134751773049,0.5106382978723404,pump
22777,0.44881889763779526,127,0.7918897637795275,0.4881889763779528,diozera
9482,0.43636363636363634,165,0.7090606060606061,0.5515151515151515,nekiz
15165,0.4353312302839117,317,0.8523123028391167,0.5457413249211357,blamef
18670,0.43349753694581283,406,0.6990147783251232,0.5098522167487685,sellter
22163,0.4330708661417323,127,0.6882992125984252,0.5354330708661418,misfit
24485,0.43023255813953487,86,0.7722209302325581,0.5348837209302325,yiksrezo
19831,0.42424242424242425,66,0.7100909090909091,0.5303030303030303,proshow
21710,0.4199134199134199,462,0.7273290043290044,0.512987012987013,notineki
20113,0.41935483870967744,155,0.7631483870967741,0.5290322580645161,deko
21815,0.4163265306122449,245,0.7081387755102041,0.5183673469387755,podi
16555,0.41353383458646614,133,0.7545112781954887,0.5112781954887218,ax1le
19733,0.4112903225806452,372,0.7556774193548388,0.5268817204301075,demqq
20870,0.40993788819875776,161,0.7111304347826087,0.5590062111801242,sl3nd
22613,0.4072398190045249,221,0.7409954751131221,0.5339366515837104,huasopeek
12092,0.4072398190045249,221,0.7181990950226245,0.5339366515837104,max
22537,0.40601503759398494,133,0.7220225563909775,0.5037593984962406,def1zer
21199,0.4,220,0.7252136363636363,0.5272727272727272,mistr
22904,0.39928057553956836,278,0.6932410071942446,0.5431654676258992,burmylov
17008,0.39490445859872614,157,0.7282547770700637,0.5159235668789809,topa
17132,0.39344262295081966,183,0.7534918032786886,0.5136612021857924,leomonster
17585,0.39263803680981596,163,0.6750490797546013,0.558282208588957,b4rtin
10610,0.3900709219858156,141,0.7186666666666667,0.5177304964539007,refrezh
23783,0.3854166666666667,192,0.6801510416666666,0.4895833333333333,fineshine52
16848,0.38461538461538464,286,0.7148986013986014,0.5174825174825175,hades
20282,0.38461538461538464,234,0.7360427350427351,0.5213675213675214,krasnal
2131,0.3817427385892116,241,0.7294730290456432,0.5103734439834025,bondik
17384,0.38064516129032255,155,0.7569806451612904,0.4838709677419355,vexite
11140,0.38064516129032255,155,0.8027612903225806,0.4838709677419355,ins
10961,0.37790697674418605,344,0.6923633720930232,0.5494186046511628,kristou
21062,0.3708609271523179,302,0.7907450331125828,0.5298013245033113,matys
17117,0.37037037037037035,108,0.6978981481481482,0.49074074074074076,shield
19709,0.37,100,0.7166800000000001,0.48,shane
21969,0.36451612903225805,310,0.7000645161290323,0.5516129032258065,graviti
20228,0.3643122676579926,269,0.7527026022304832,0.5055762081784386,j3kie
22914,0.36416184971098264,173,0.6939248554913294,0.5260115606936416,dex
11739,0.3619047619047619,210,0.7440904761904761,0.5380952380952381,shz
20992,0.35911602209944754,181,0.701121546961326,0.5248618784530387,ivz
20926,0.3588235294117647,170,0.7715176470588234,0.5705882352941176,andu
21155,0.35856573705179284,251,0.7254422310756973,0.5059760956175299,naz
19236,0.35795454545454547,352,0.7312386363636364,0.53125,kensi
21784,0.35674157303370785,356,0.7347865168539326,0.5196629213483146,simke
2241,0.35555555555555557,135,0.6818740740740741,0.5333333333333333,roman
8311,0.3551020408163265,490,0.8676836734693878,0.5183673469387755,nemanha
20895,0.35294117647058826,136,0.7667426470588236,0.5220588235294118,mercury
19645,0.35294117647058826,136,0.8264044117647059,0.5220588235294118,jamyoung
10096,0.35172413793103446,145,0.6384827586206896,0.5448275862068965,hooxi
5351,0.3480083857442348,477,0.6583920335429769,0.5157232704402516,avn
18318,0.34375,64,0.694390625,0.515625,dekz
19164,0.3403141361256545,191,0.6890890052356021,0.5130890052356021,sunpayus
21164,0.33548387096774196,155,0.6710322580645162,0.5032258064516129,l00m1
21239,0.3333333333333333,207,0.7019613526570049,0.5072463768115942,martinezsa
18240,0.32592592592592595,270,0.7325666666666667,0.5037037037037037,smash
22279,0.3205574912891986,287,0.7932508710801394,0.5226480836236934,pr
9115,0.31958762886597936,97,0.7330721649484536,0.4845360824742268,dexter
22879,0.3172866520787746,457,0.7053347921225384,0.5054704595185996,fenomen
21302,0.31315240083507306,479,0.7140062630480167,0.5135699373695198,cjoffo
21783,0.31315240083507306,479,0.6886889352818372,0.5135699373695198,brutmonster
21233,0.30935251798561153,139,0.7141942446043165,0.5179856115107914,myltsi
23766,0.3063583815028902,173,0.688757225433526,0.5086705202312138,hypex
13497,0.303951367781155,329,0.7688632218844984,0.5501519756838906,lucky
19673,0.30180180180180183,444,0.7744842342342342,0.527027027027027,patsi
22371,0.3010752688172043,93,0.6712150537634409,0.5806451612903226,levi
17861,0.3008130081300813,123,0.7875121951219513,0.5447154471544715,jota
15176,0.2992125984251969,127,0.7808425196850394,0.5275590551181102,cryptic
10981,0.29896907216494845,194,0.6972783505154638,0.5154639175257731,mantuu
19991,0.29770992366412213,131,0.7145572519083969,0.5190839694656488,hoax
9896,0.2916666666666667,72,0.6941944444444444,0.5,b0rup
19739,0.2878787878787879,330,0.7186454545454545,0.5484848484848485,ex3rcice
13138,0.2878787878787879,330,0.722130303030303,0.5484848484848485,maka
21217,0.2864583333333333,384,0.7764635416666666,0.4973958333333333,ryu
21431,0.28214285714285714,280,0.7423964285714286,0.5,sstinix
22076,0.28125,192,0.744796875,0.5260416666666666,aw
17181,0.2803347280334728,239,0.795020920502092,0.5146443514644351,naitte
14390,0.2803347280334728,239,0.6759790794979079,0.5146443514644351,wood7
20283,0.2765957446808511,188,0.7671702127659575,0.5159574468085106,tomiko
21816,0.27249357326478146,389,0.7001825192802056,0.4961439588688946,gizmy
19920,0.2720306513409962,261,0.7529003831417624,0.5402298850574713,kair0n
17316,0.2616033755274262,237,0.6438945147679326,0.4978902953586498,vert
22383,0.2606060606060606,165,0.7930727272727273,0.503030303030303,jcobbb
20948,0.2597402597402597,308,0.7560681818181818,0.4837662337662338,lov1kus
14218,0.25654450261780104,191,0.8036073298429319,0.5026178010471204,plopski
23372,0.24875621890547264,201,0.842587064676617,0.5074626865671642,xkacpersky
13170,0.2484076433121019,157,0.6721273885350318,0.5286624203821656,kwezz
22182,0.24615384615384617,195,0.7504102564102565,0.49743589743589745,ksloks
23461,0.24528301886792453,53,0.6897169811320755,0.5283018867924528,pepe
15369,0.24380165289256198,242,0.754314049586777,0.5041322314049587,redstar
14010,0.23195876288659795,194,0.7519329896907216,0.5051546391752577,zmb
7443,0.2304147465437788,217,0.7719078341013824,0.543778801843318,twist
17011,0.22857142857142856,210,0.711052380952381,0.5,shalfey
20110,0.22661870503597123,278,0.7583884892086331,0.49640287769784175,marix
18979,0.22477064220183487,218,0.7451330275229358,0.4954128440366973,prism
19985,0.22424242424242424,165,0.7648424242424242,0.49696969696969695,nacho
24917,0.22388059701492538,67,0.667865671641791,0.5223880597014925,modesavage
9436,0.22178988326848248,257,0.7808015564202334,0.5214007782101168,nertz
11199,0.21218961625282168,443,0.7066568848758464,0.5214446952595937,beastik
14619,0.21212121212121213,66,0.8024545454545455,0.5151515151515151,infinite
2898,0.2112676056338028,355,0.6851605633802816,0.532394366197183,raalz
12810,0.21052631578947367,437,0.7335491990846681,0.5217391304347826,shock
20462,0.2100456621004566,219,0.7004474885844749,0.5159817351598174,story
630,0.2100456621004566,219,0.6768904109589041,0.5159817351598174,mutiris
10994,0.20853080568720378,211,0.791260663507109,0.5071090047393365,stavn
20606,0.2,80,0.703325,0.5125,roy
19808,0.2,250,0.818192,0.516,tn1r
10566,0.1989795918367347,196,0.6953979591836735,0.5408163265306123,chelo
22884,0.19533527696793002,343,0.7725481049562681,0.521865889212828,gr1ks
11217,0.19480519480519481,154,0.6193311688311688,0.525974025974026,spellan
7592,0.1939655172413793,232,0.7373232758620689,0.5129310344827587,device
12102,0.19298245614035087,57,0.7702105263157895,0.5263157894736842,djay
11940,0.19270833333333334,192,0.7444062499999999,0.5052083333333334,nealan
22860,0.1926605504587156,218,0.7647431192660551,0.5412844036697247,avid
13287,0.19148936170212766,141,0.7315602836879433,0.524822695035461,bnc
20519,0.19117647058823528,136,0.6178529411764706,0.5220588235294118,lcm
12027,0.18292682926829268,164,0.7404756097560976,0.524390243902439,krad
10818,0.18055555555555555,72,0.6550972222222222,0.5138888888888888,idk
10892,0.1791044776119403,67,0.7873880597014926,0.4925373134328358,marke
20083,0.17903930131004367,229,0.6842183406113538,0.5152838427947598,ninjaz
20787,0.17525773195876287,97,0.7646288659793814,0.4742268041237113,pose1donn
16885,0.17408906882591094,247,0.7525668016194331,0.5060728744939271,woro2k
22803,0.17330210772833723,427,0.7260843091334895,0.5081967213114754,bl1x1
20301,0.16666666666666666,204,0.7431470588235294,0.5392156862745098,tauson
21099,0.16470588235294117,170,0.6711411764705882,0.5235294117647059,bsd
16769,0.16030534351145037,131,0.7257099236641221,0.4961832061068702,realz1n
18610,0.14736842105263157,190,0.6934105263157895,0.5105263157894737,detr0ittj
16551,0.14619883040935672,171,0.7421812865497076,0.49707602339181284,westmelon
22922,0.14619883040935672,171,0.7292046783625731,0.49707602339181284,emiliaqaq
18744,0.14619883040935672,171,0.7404327485380118,0.49707602339181284,z4kr
10588,0.1440677966101695,118,0.7007203389830509,0.4661016949152542,liazz
24972,0.14356435643564355,202,0.6303316831683168,0.5198019801980198,maquein
18676,0.14204545454545456,176,0.6656306818181817,0.5170454545454546,skullz
17553,0.14084507042253522,71,0.8065211267605633,0.5070422535211268,pesadelo
16921,0.1346153846153846,208,0.6972019230769231,0.5240384615384616,nafany
7412,0.13157894736842105,190,0.6525631578947368,0.48947368421052634,gla1ve
17956,0.1306122448979592,245,0.7254857142857143,0.5061224489795918,jabbi
20304,0.1306122448979592,245,0.7457551020408164,0.5061224489795918,staehr
19872,0.12871287128712872,202,0.7129306930693069,0.5,bk1
20451,0.12871287128712872,202,0.7478019801980199,0.5,abizz
20084,0.11450381679389313,131,0.730381679389313,0.5190839694656488,togs
23094,0.11428571428571428,105,0.6757238095238095,0.45714285714285713,renanzin
18749,0.1091703056768559,229,0.7609126637554585,0.519650655021834,sausol
21284,0.10909090909090909,220,0.7330818181818182,0.4863636363636364,happ
16705,0.10714285714285714,140,0.7222714285714286,0.4785714285714286,altekz
23541,0.10679611650485436,103,0.7806019417475728,0.4854368932038835,tasman
19786,0.10655737704918032,122,0.6559508196721311,0.5,depreshn
22680,0.10526315789473684,57,0.7310526315789474,0.5087719298245614,polbandana
23415,0.10294117647058823,272,0.6724558823529412,0.5073529411764706,zerrofix
12713,0.0989010989010989,91,0.6872087912087912,0.5494505494505495,floppy
7266,0.08849557522123894,113,0.6556637168141594,0.49557522123893805,syrson
22181,0.0847457627118644,177,0.7566553672316384,0.5254237288135594,urban0
18706,0.07766990291262135,103,0.7447766990291262,0.5145631067961165,freshie
21452,0.0735930735930736,231,0.8404761904761905,0.48917748917748916,kvem
22967,0.07352941176470588,68,0.7534558823529411,0.47058823529411764,ogwizard
22325,0.07171314741035857,251,0.7399760956175299,0.4940239043824701,sowalio
8575,0.07079646017699115,226,0.7157079646017699,0.48672566371681414,calyx
16872,0.07042253521126761,71,0.7033802816901408,0.4788732394366197,flying
21163,0.07,100,0.74087,0.51,susp
18790,0.06896551724137931,145,0.7478827586206896,0.5241379310344828,cacanito
19231,0.06375838926174497,298,0.6868020134228188,0.4899328859060403,h1te
13618,0.06172839506172839,81,0.6954444444444445,0.49382716049382713,bluepho3nix
22011,0.05454545454545454,55,0.6881454545454545,0.4727272727272727,kadziu
19972,0.04878048780487805,82,0.8119390243902438,0.47560975609756095,ckzao
22880,0.04455445544554455,202,0.731539603960396,0.5445544554455446,m1quse
11922,0.0392156862745098,102,0.7220980392156863,0.49019607843137253,alle
24806,0.038461538461538464,52,0.6912692307692307,0.5384615384615384,frontales
22473,0.0375,160,0.74886875,0.4875,qlocuu
23397,0.03125,224,0.7782678571428571,0.5133928571428571,poiii
13670,0.024291497975708502,247,0.6617773279352227,0.4979757085020243,nawwk
22326,0.01567398119122257,319,0.8256238244514107,0.5047021943573667,kaide
20813,0.005494505494505495,364,0.7258928571428572,0.5082417582417582,vldn
23140,0.0,156,0.7521282051282051,0.5064102564102564,krazy
19710,0.0,64,0.76028125,0.4375,dare
22419,-0.005847953216374269,171,0.7267309941520468,0.4853801169590643,0samas
22085,-0.0078125,128,0.7278203125,0.5,spinnie
8520,-0.013392857142857142,224,0.7632276785714286,0.5,naf
22125,-0.017543859649122806,114,0.6868508771929824,0.49122807017543857,lich
11271,-0.019801980198019802,101,0.7293465346534653,0.504950495049505,smooya
21100,-0.020833333333333332,96,0.7428854166666667,0.4791666666666667,zede
20425,-0.021052631578947368,190,0.7447157894736842,0.49473684210526314,r1nkle
20987,-0.02247191011235955,178,0.7063258426966292,0.5280898876404494,brnz4n
9032,-0.024793388429752067,242,0.7005950413223141,0.49173553719008267,magisk
8605,-0.025,80,0.739925,0.475,somebody
22874,-0.02857142857142857,70,0.6093857142857143,0.5,silence
22280,-0.033112582781456956,151,0.7296556291390728,0.5298013245033113,majky
18294,-0.0379746835443038,79,0.7019746835443038,0.4936708860759494,adron
8371,-0.04,250,0.72492,0.508,alex
22106,-0.0547112462006079,329,0.7592310030395137,0.5015197568389058,azuwu
17353,-0.06611570247933884,121,0.7773636363636364,0.4628099173553719,cxzi
23360,-0.06748466257668712,163,0.620638036809816,0.5030674846625767,easy
14394,-0.07194244604316546,139,0.7472949640287769,0.49640287769784175,tuurtle
13578,-0.08021390374331551,187,0.7813636363636364,0.48663101604278075,grim
12840,-0.08021390374331551,187,0.6986096256684491,0.48663101604278075,hallzerk
11630,-0.08021390374331551,187,0.7043048128342246,0.48663101604278075,jt
11154,-0.08035714285714286,224,0.71375,0.5089285714285714,exit
21037,-0.08035714285714286,224,0.8348526785714286,0.5089285714285714,insani
19509,-0.08298755186721991,241,0.7241410788381742,0.4979253112033195,dav1g
9254,-0.08298755186721991,241,0.7733402489626556,0.4979253112033195,mopoz
9911,-0.08783783783783784,148,0.7513378378378378,0.49324324324324326,kreaz
8374,-0.09056603773584905,265,0.7223283018867924,0.4830188679245283,bodyy
922,-0.09178743961352658,207,0.6603623188405797,0.4782608695652174,snappi
13982,-0.09230769230769231,130,0.7032923076923077,0.5230769230769231,forester
18875,-0.09375,192,0.660578125,0.4583333333333333,ricioli
17216,-0.1044776119402985,67,0.710910447761194,0.5074626865671642,mallby
20234,-0.1111111111111111,81,0.7620246913580248,0.4691358024691358,gabe
17133,-0.11363636363636363,176,0.6921079545454545,0.5,desh
21439,-0.11398963730569948,193,0.6514352331606218,0.5077720207253886,icy
10838,-0.12149532710280374,107,0.7262990654205608,0.45794392523364486,mawth
10840,-0.12149532710280374,107,0.7177102803738318,0.45794392523364486,tatazin
21165,-0.12209302325581395,172,0.776732558139535,0.4941860465116279,m1key
14744,-0.14,50,0.82218,0.52,calamity
20219,-0.14388489208633093,139,0.7224388489208633,0.48201438848920863,xns
21717,-0.14457831325301204,166,0.6605120481927711,0.46987951807228917,t3ns1on
18070,-0.14814814814814814,243,0.7250987654320988,0.4691358024691358,demho
16954,-0.15476190476190477,84,0.6826428571428571,0.4642857142857143,yepz
18891,-0.15517241379310345,232,0.6803577586206896,0.5043103448275862,cutzmeretz
16661,-0.16326530612244897,147,0.6686598639455783,0.47619047619047616,mithputtini
14799,-0.16455696202531644,79,0.7429113924050632,0.4810126582278481,brett
22189,-0.16546762589928057,278,0.7717877697841726,0.49640287769784175,h4san4tor
16723,-0.17708333333333334,384,0.732703125,0.4817708333333333,cabbi
21620,-0.17857142857142858,140,0.7070285714285713,0.45714285714285713,nicx
20897,-0.18181818181818182,154,0.7031818181818182,0.5,matios
14737,-0.1891891891891892,185,0.7373027027027027,0.5027027027027027,meyern
23302,-0.20817843866171004,269,0.7554349442379181,0.4758364312267658,bluewh1te
22039,-0.2082018927444795,317,0.7277192429022082,0.4889589905362776,danistzz
17305,-0.20930232558139536,129,0.7664418604651162,0.4806201550387597,finigan
21392,-0.2111111111111111,90,0.6807777777777777,0.4777777777777778,shady
19815,-0.212,250,0.729912,0.484,dytor
19069,-0.212,250,0.7169840000000001,0.484,forsyy
798,-0.2198952879581152,191,0.7596963350785341,0.5078534031413613,oskar
23588,-0.2222222222222222,72,0.6781388888888888,0.4444444444444444,n1cks
19575,-0.2222222222222222,162,0.7217530864197531,0.4691358024691358,x5g7v
21763,-0.22790697674418606,215,0.6987674418604651,0.48372093023255813,ultimate
20703,-0.22916666666666666,96,0.779,0.4791666666666667,xerolte
11329,-0.23076923076923078,91,0.7620989010989011,0.4725274725274725,leo-drk
22552,-0.2318840579710145,69,0.7577391304347826,0.4782608695652174,sandman
13843,-0.2318840579710145,345,0.742927536231884,0.4782608695652174,lucky
7964,-0.23404255319148937,141,0.6195035460992907,0.49645390070921985,cadian
19899,-0.23529411764705882,255,0.7335019607843137,0.4588235294117647,krimbo
23100,-0.2375,80,0.6742874999999999,0.4875,c4llm3su3
11777,-0.23921568627450981,255,0.7718745098039216,0.4588235294117647,maden
16811,-0.24242424242424243,99,0.6945252525252524,0.47474747474747475,mistem
22759,-0.24369747899159663,119,0.7590420168067227,0.47058823529411764,jocab
9656,-0.24444444444444444,180,0.7636722222222223,0.4666666666666667,hadji
20956,-0.24925816023738873,337,0.7158575667655787,0.4836795252225519,fozil
8711,-0.25,132,0.7946818181818182,0.5075757575757576,sonic
11205,-0.2529411764705882,170,0.6248470588235294,0.4764705882352941,stadodo
20300,-0.25474254742547425,369,0.7602357723577235,0.4986449864498645,kraghen
20066,-0.2553191489361702,94,0.6786702127659575,0.5,aidkit
18510,-0.2557077625570776,219,0.7611689497716895,0.4703196347031963,sugar
17116,-0.25757575757575757,264,0.7329772727272728,0.4583333333333333,ragga
21169,-0.25766871165644173,163,0.7695828220858896,0.4723926380368098,righi
9221,-0.25766871165644173,163,0.687361963190184,0.4723926380368098,reversive
17039,-0.25862068965517243,58,0.7318793103448276,0.4482758620689655,deco
20090,-0.25925925925925924,324,0.7740185185185186,0.4660493827160494,zyphon
14176,-0.2601626016260163,123,0.7913414634146341,0.44715447154471544,misutaaa
15117,-0.2608695652173913,138,0.6990797101449275,0.4855072463768116,keoz
21630,-0.2620689655172414,145,0.747696551724138,0.47586206896551725,pipw
19594,-0.2653061224489796,245,0.7535795918367347,0.4816326530612245,nbqq
7998,-0.26744186046511625,86,0.7815697674418605,0.4883720930232558,s1mple
16946,-0.2682926829268293,123,0.7704715447154472,0.4715447154471545,polt
24203,-0.2692307692307692,104,0.7372500000000001,0.4807692307692308,jorko
20170,-0.27011494252873564,174,0.6959712643678161,0.43103448275862066,kyuubii
14736,-0.27225130890052357,191,0.7591204188481675,0.45549738219895286,dgt
3669,-0.27941176470588236,204,0.6834166666666667,0.47058823529411764,innocent
18456,-0.2833333333333333,60,0.7327166666666667,0.48333333333333334,fostar
14359,-0.2833333333333333,60,0.6952333333333333,0.48333333333333334,w1nt3r
9031,-0.28346456692913385,127,0.7101259842519685,0.4881889763779528,valde
18865,-0.2857142857142857,231,0.8035411255411256,0.4675324675324675,dav1deus
18835,-0.2896174863387978,183,0.664863387978142,0.4918032786885246,saffee
20510,-0.2916666666666667,72,0.6993333333333333,0.5,hyza
20029,-0.2966101694915254,118,0.6364745762711864,0.4661016949152542,card
2544,-0.2966101694915254,118,0.6474745762711864,0.4661016949152542,remix
22109,-0.3,110,0.7289727272727272,0.4909090909090909,vinaabeast
5794,-0.30036630036630035,273,0.7532161172161173,0.45787545787545786,tabsen
10828,-0.3010752688172043,93,0.7243548387096773,0.46236559139784944,dok
14929,-0.3082706766917293,266,0.7829135338345864,0.45864661654135336,jdc
10394,-0.31221719457013575,221,0.797420814479638,0.47058823529411764,twistzz
23599,-0.31343283582089554,67,0.7909402985074627,0.40298507462686567,forkyz
20794,-0.3142857142857143,175,0.6894857142857143,0.44,leen
16753,-0.3154121863799283,279,0.7173906810035842,0.4874551971326165,n1xen
15940,-0.3235294117647059,170,0.7053117647058824,0.4764705882352941,sobol
20253,-0.3238434163701068,281,0.8169003558718861,0.47330960854092524,dragon
9278,-0.325,200,0.79508,0.475,rez
22702,-0.3282208588957055,326,0.7636687116564417,0.50920245398773,cej0t
21715,-0.33476394849785407,233,0.7301716738197425,0.4678111587982833,flayy
22956,-0.34177215189873417,79,0.7471139240506329,0.43037974683544306,lash
22267,-0.3424657534246575,73,0.7095890410958904,0.4520547945205479,mds
20229,-0.346031746031746,315,0.7334888888888889,0.49206349206349204,moriisko
21363,-0.3466666666666667,75,0.78276,0.5066666666666667,shg
18214,-0.35454545454545455,110,0.798390909090909,0.45454545454545453,nettik
18752,-0.3548387096774194,62,0.7263387096774194,0.5,kade0
8552,-0.3614457831325301,83,0.6309638554216868,0.46987951807228917,attacker
21762,-0.36764705882352944,68,0.7519705882352942,0.5147058823529411,cso
13718,-0.3684210526315789,57,0.6671228070175439,0.45614035087719296,birdfromsky
20197,-0.3756906077348066,181,0.7492099447513813,0.46408839779005523,faydett
20252,-0.3776223776223776,286,0.7250839160839161,0.47202797202797203,kind0
10827,-0.3806818181818182,176,0.7509318181818181,0.4431818181818182,prt
9261,-0.3837837837837838,185,0.7284810810810811,0.4648648648648649,lekr0
22385,-0.3880597014925373,67,0.6856268656716418,0.43283582089552236,melavi
15569,-0.39591836734693875,245,0.7320938775510204,0.46938775510204084,sapec
19284,-0.39814814814814814,108,0.7041944444444445,0.4722222222222222,prosus
18120,-0.3989071038251366,183,0.762967213114754,0.4644808743169399,sinnopsyy
9220,-0.40217391304347827,92,0.7461086956521739,0.4782608695652174,shoowtime
20201,-0.4105960264900662,151,0.6912913907284769,0.47019867549668876,fpsss
20553,-0.4107142857142857,56,0.5882857142857143,0.4642857142857143,relentless
25111,-0.41509433962264153,53,0.7168301886792452,0.4716981132075472,redzed
8918,-0.42272727272727273,220,0.7555636363636363,0.4636363636363636,electronic
23858,-0.42424242424242425,132,0.7090833333333334,0.45454545454545453,mo0n
20284,-0.4259927797833935,277,0.7076823104693141,0.45126353790613716,maaryy
20123,-0.42696629213483145,89,0.7196853932584271,0.4044943820224719,regali
12290,-0.43410852713178294,129,0.736875968992248,0.46511627906976744,perx
19823,-0.43478260869565216,69,0.7524492753623188,0.4927536231884058,dukefissura
22126,-0.4351851851851852,108,0.7498055555555555,0.4444444444444444,nyezin
20133,-0.43548387096774194,124,0.6567580645161291,0.47580645161290325,svedjehed
21362,-0.43621399176954734,243,0.7713251028806584,0.4732510288065844,truniq
20349,-0.4367816091954023,87,0.7383448275862069,0.4482758620689655,casey
21825,-0.4444444444444444,108,0.804611111111111,0.4537037037037037,l1hang
19681,-0.4444444444444444,108,0.7696666666666666,0.4537037037037037,childking
7028,-0.4444444444444444,108,0.7271944444444445,0.4537037037037037,summer
18549,-0.4460431654676259,139,0.6638201438848921,0.4460431654676259,laser
19763,-0.4472049689440994,161,0.7811863354037267,0.4658385093167702,boros
20674,-0.4528301886792453,53,0.6925283018867925,0.4339622641509434,beg0d
9353,-0.453125,192,0.7253385416666666,0.4479166666666667,paz
20968,-0.453125,192,0.8323333333333333,0.4479166666666667,soulfly
22535,-0.45348837209302323,86,0.7305348837209302,0.43023255813953487,dwushka
24286,-0.45698924731182794,186,0.7262096774193548,0.46236559139784944,levantino
12732,-0.4672489082969432,229,0.7786026200873363,0.4759825327510917,fl1t
20101,-0.4672489082969432,229,0.7179737991266375,0.4759825327510917,fame
14388,-0.46938775510204084,196,0.7136581632653062,0.45408163265306123,the-elive
23402,-0.47368421052631576,76,0.7842236842105264,0.4473684210526316,cobrazera
15072,-0.47368421052631576,76,0.7732236842105263,0.4473684210526316,nin9
19957,-0.47368421052631576,76,0.6613684210526316,0.4473684210526316,bart4k
22474,-0.48148148148148145,54,0.7402592592592592,0.42592592592592593,polo
23550,-0.48148148148148145,108,0.6610648148148148,0.46296296296296297,divine
20889,-0.48214285714285715,56,0.6820178571428571,0.42857142857142855,7kick
20872,-0.48333333333333334,60,0.7385166666666667,0.45,nexius
21142,-0.4836795252225519,337,0.6553709198813057,0.44807121661721067,masked
20268,-0.49074074074074076,108,0.6834722222222221,0.4537037037037037,atarax1a
13568,-0.4909090909090909,55,0.6553636363636364,0.4727272727272727,ajtt
11942,-0.49122807017543857,114,0.7307807017543859,0.47368421052631576,buster
3849,-0.49324324324324326,296,0.7331351351351352,0.4594594594594595,jw
19114,-0.4954954954954955,111,0.7525135135135135,0.45045045045045046,kylar
21014,-0.4968152866242038,157,0.7209936305732484,0.46496815286624205,ag1l
10264,-0.5,172,0.7170581395348837,0.4476744186046512,niko
9019,-0.5058139534883721,172,0.7260930232558139,0.4883720930232558,surreal
8983,-0.5058139534883721,172,0.6694534883720931,0.4883720930232558,mightymax
23199,-0.5111111111111111,90,0.809011111111111,0.45555555555555555,mason
16731,-0.5166163141993958,331,0.6879244712990936,0.4561933534743202,iceberg
23237,-0.5194805194805194,77,0.7191038961038961,0.4935064935064935,tmkj
20309,-0.5203488372093024,344,0.8062383720930233,0.45930232558139533,bnox
19817,-0.5204545454545455,440,0.7767772727272727,0.4431818181818182,s0und
23338,-0.5317919075144508,173,0.7073236994219654,0.4508670520231214,beccie
19698,-0.5405405405405406,111,0.7381531531531532,0.45045045045045046,adams
20625,-0.5459183673469388,196,0.7845510204081633,0.4387755102040816,banjo
8488,-0.5543478260869565,276,0.7427572463768116,0.4601449275362319,zedko
13026,-0.5546218487394958,238,0.6934327731092437,0.4495798319327731,c0llins
25106,-0.5604395604395604,91,0.5983736263736263,0.5164835164835165,next
16432,-0.562874251497006,167,0.752874251497006,0.46706586826347307,manguss
13077,-0.5777777777777777,90,0.7016444444444444,0.45555555555555555,patti
22421,-0.578125,64,0.7366875,0.46875,rainny
18163,-0.5797101449275363,207,0.6834202898550724,0.4396135265700483,bibu
17675,-0.5833333333333334,180,0.6874944444444444,0.4444444444444444,m1n1
9255,-0.5945945945945946,185,0.7218432432432432,0.4594594594594595,draken
25035,-0.6052631578947368,76,0.6165263157894737,0.4342105263157895,lacerda
14419,-0.6056338028169014,71,0.7383380281690141,0.43661971830985913,roej
25334,-0.6078431372549019,51,0.6664705882352941,0.5098039215686274,kurosse
23765,-0.6103896103896104,154,0.7081623376623377,0.461038961038961,hfah
7168,-0.620253164556962,79,0.7002784810126582,0.46835443037974683,nbk
21468,-0.6272401433691757,279,0.6845232974910395,0.4336917562724014,hyped
7996,-0.6277777777777778,180,0.7239666666666666,0.48333333333333334,cruc1al
22414,-0.6379310344827587,58,0.6867931034482759,0.43103448275862066,efire
19229,-0.6379310344827587,58,0.7589137931034483,0.43103448275862066,roux
22101,-0.6454545454545455,110,0.7063181818181817,0.44545454545454544,spardaus
23048,-0.6538461538461539,78,0.7142820512820512,0.41025641025641024,kelien
15835,-0.6607142857142857,112,0.7079464285714286,0.42857142857142855,imorr
21250,-0.6666666666666666,69,0.713072463768116,0.4492753623188406,jresy
17028,-0.6739130434782609,184,0.7654456521739131,0.41304347826086957,abr
15428,-0.6744186046511628,86,0.7228139534883721,0.43023255813953487,goofy
20018,-0.6744186046511628,129,0.6759767441860465,0.43410852713178294,fr3nd
23137,-0.6842105263157895,57,0.7092280701754387,0.47368421052631576,dvrk
21385,-0.684931506849315,73,0.7712054794520549,0.4794520547945205,mizu
8950,-0.686046511627907,86,0.6369069767441861,0.45348837209302323,kaze
20839,-0.6879432624113475,141,0.6726099290780141,0.44680851063829785,fino
17937,-0.6889952153110048,209,0.7174066985645933,0.45454545454545453,isak
18554,-0.6894409937888198,161,0.7607142857142857,0.4782608695652174,tom1jed
13669,-0.6912751677852349,149,0.6707785234899328,0.44966442953020136,jackinho
19703,-0.6934306569343066,274,0.7443978102189781,0.4562043795620438,ryujin
1206,-0.6958637469586375,411,0.6403990267639903,0.4282238442822384,btn
23138,-0.704225352112676,71,0.6839154929577465,0.4788732394366197,sasha
23136,-0.704225352112676,71,0.8041267605633803,0.4788732394366197,zucar
23767,-0.7166666666666667,60,0.73375,0.43333333333333335,adrien
8212,-0.717741935483871,124,0.6536048387096774,0.45161290322580644,scrunk
21500,-0.7291666666666666,144,0.6696666666666666,0.4375,arrow
18894,-0.7361111111111112,72,0.7378194444444444,0.4722222222222222,t9rnay
21367,-0.7364864864864865,148,0.7838310810810811,0.47297297297297297,spirit
8324,-0.7407407407407407,54,0.7363518518518518,0.4074074074074074,morelz
9626,-0.7517401392111369,431,0.7145777262180975,0.42691415313225056,xellow
24772,-0.7522123893805309,113,0.743212389380531,0.4336283185840708,nardes
13749,-0.7567567567567568,148,0.6760270270270271,0.43243243243243246,queenix
22536,-0.7592592592592593,54,0.7137222222222221,0.42592592592592593,mag1k3y
18671,-0.7683397683397684,259,0.6788416988416989,0.4517374517374517,get-jeka
18447,-0.7683397683397684,259,0.7132239382239381,0.4517374517374517,dssj
23150,-0.773109243697479,119,0.7323865546218488,0.4789915966386555,rzk
21299,-0.7762237762237763,143,0.7177482517482517,0.4405594405594406,savana1
20974,-0.7804878048780488,82,0.6354268292682926,0.4268292682926829,duggy
19812,-0.7862068965517242,145,0.6977793103448275,0.43448275862068964,chill
7398,-0.7889908256880734,109,0.7443577981651377,0.4036697247706422,dupreeh
23628,-0.8032786885245902,183,0.740344262295082,0.453551912568306,kusme
24967,-0.8111111111111111,90,0.6905222222222223,0.4888888888888889,rikon
22423,-0.8133333333333334,75,0.7796133333333334,0.36,clon7
20122,-0.8136645962732919,161,0.7468819875776398,0.43478260869565216,freeze
14061,-0.8283582089552238,134,0.7158507462686567,0.4253731343283582,awzek
22075,-0.8356807511737089,213,0.7134741784037558,0.43661971830985913,sfade8
24749,-0.8387096774193549,124,0.733524193548387,0.46774193548387094,guty
12781,-0.8450704225352113,71,0.6612112676056338,0.4225352112676056,k1to
2476,-0.8571428571428571,84,0.6487380952380952,0.40476190476190477,emi
20434,-0.9074074074074074,54,0.6543703703703704,0.35185185185185186,bledard
10449,-0.9105691056910569,123,0.7281788617886179,0.43089430894308944,issaa
24556,-0.9105691056910569,123,0.7660081300813008,0.43089430894308944,tele
22563,-0.9154929577464789,213,0.7051455399061033,0.41784037558685444,fnl
19536,-0.9180327868852459,61,0.7681803278688525,0.4098360655737705,yami
20463,-0.9215686274509803,51,0.6604313725490196,0.47058823529411764,ddias
16947,-0.9264705882352942,68,0.6888676470588235,0.4117647058823529,perfecto
15573,-0.9285714285714286,98,0.7606938775510205,0.37755102040816324,ciocardau
17372,-0.9294117647058824,85,0.7920235294117648,0.4235294117647059,fang
20689,-0.9456521739130435,92,0.7307065217391304,0.40217391304347827,hezz
19086,-0.9456521739130435,92,0.8178695652173913,0.40217391304347827,pavv
24091,-0.9456521739130435,92,0.6653043478260869,0.40217391304347827,dott1
17147,-0.9576271186440678,118,0.7875932203389829,0.423728813559322,juanflatroo
21638,-0.9636363636363636,55,0.6661818181818182,0.38181818181818183,leleo
22048,-0.9705882352941176,238,0.6717394957983193,0.4327731092436975,tapewaare
20637,-0.9733333333333334,225,0.7578177777777777,0.4222222222222222,b1elany
21398,-0.9830508474576272,59,0.7579491525423729,0.3898305084745763,controlez
12945,-0.9840637450199203,251,0.7590597609561753,0.42231075697211157,blytz
16029,-0.9881305637982196,337,0.7358635014836795,0.42729970326409494,heap
11891,-1.0,61,0.7000819672131148,0.4098360655737705,phr
22084,-1.0104712041884816,191,0.6939267015706806,0.41361256544502617,mello
19107,-1.0138888888888888,72,0.6755138888888889,0.4444444444444444,s3nsey
25105,-1.0188679245283019,53,0.6268679245283019,0.41509433962264153,agl
24284,-1.020979020979021,143,0.6962237762237763,0.4125874125874126,revoltz
17450,-1.0410958904109588,73,0.6712328767123288,0.4657534246575342,sense
22327,-1.0421686746987953,166,0.715289156626506,0.42771084337349397,something
21700,-1.065934065934066,91,0.7060439560439561,0.4175824175824176,brn
21369,-1.0791666666666666,240,0.7837833333333334,0.43333333333333335,1nvisiblee
17997,-1.1166666666666667,120,0.6957,0.39166666666666666,lenci
12094,-1.1228070175438596,57,0.6151578947368421,0.40350877192982454,1962
20782,-1.1272727272727272,55,0.7311090909090909,0.4,goody
20378,-1.130952380952381,84,0.7476666666666667,0.38095238095238093,honda
16718,-1.1384615384615384,65,0.7602461538461538,0.4307692307692308,fessor
15821,-1.1666666666666667,90,0.8227000000000001,0.4111111111111111,neofrag
8891,-1.1767676767676767,198,0.71239898989899,0.42424242424242425,nodios
23193,-1.176923076923077,130,0.6821846153846154,0.4307692307692308,vilby
24332,-1.18,150,0.7519133333333333,0.4066666666666667,matheos
22476,-1.2093023255813953,86,0.7511744186046512,0.3953488372093023,virtuoso
23386,-1.2133333333333334,75,0.6881066666666666,0.4266666666666667,kumao
21213,-1.2197802197802199,91,0.7332307692307692,0.34065934065934067,ersin
20207,-1.221698113207547,212,0.774,0.41037735849056606,raijin
13157,-1.2222222222222223,54,0.6762962962962964,0.42592592592592593,jerry
22364,-1.2337662337662338,154,0.7334675324675324,0.3961038961038961,j0w
15007,-1.2467532467532467,77,0.6971428571428572,0.4675324675324675,cooper
8503,-1.2467532467532467,77,0.7872597402597402,0.4675324675324675,fl0m
20199,-1.25,220,0.6663136363636364,0.41363636363636364,sol
21038,-1.2777777777777777,144,0.6943888888888889,0.4027777777777778,reix
22060,-1.3015873015873016,63,0.7270634920634921,0.4126984126984127,delle
24083,-1.3164556962025316,79,0.7681772151898734,0.4177215189873418,mail09
24818,-1.32,175,0.6711142857142858,0.4114285714285714,k4nfuz
17113,-1.3302752293577982,109,0.7633577981651376,0.43119266055045874,szejn
19290,-1.3384615384615384,65,0.7504307692307692,0.36923076923076925,voltera
24171,-1.3526785714285714,224,0.7916875,0.40625,djon8
24172,-1.3526785714285714,224,0.6903348214285714,0.40625,yuramyata
19975,-1.3846153846153846,52,0.6037307692307693,0.38461538461538464,broken
23690,-1.3970588235294117,68,0.7938382352941177,0.4264705882352941,tyra
24557,-1.4153846153846155,65,0.6874,0.35384615384615387,toto
24190,-1.42,50,0.67184,0.38,youka
21379,-1.42,200,0.64657,0.395,salazar
15778,-1.4473684210526316,76,0.6356842105263157,0.3815789473684211,sener1
13317,-1.5,86,0.7632558139534884,0.36046511627906974,aaron
22082,-1.5076923076923077,65,0.7698153846153846,0.4153846153846154,fokiu
23960,-1.509090909090909,55,0.7218,0.43636363636363634,sakamoto
22022,-1.5308641975308641,81,0.6870123456790124,0.4444444444444444,trucklover86
20960,-1.5333333333333334,60,0.7143999999999999,0.36666666666666664,ex1st
15818,-1.5593220338983051,59,0.6825084745762712,0.3728813559322034,k1-fida
21692,-1.5632911392405062,158,0.726867088607595,0.379746835443038,kalash
8327,-1.5633802816901408,71,0.6915070422535211,0.38028169014084506,furlan
23552,-1.5777777777777777,90,0.7137444444444444,0.3888888888888889,slashzz
11110,-1.5950413223140496,121,0.632404958677686,0.371900826446281,golden
20330,-1.6142857142857143,70,0.7702428571428571,0.4142857142857143,jsfeltner
9811,-1.6176470588235294,102,0.7546764705882353,0.39215686274509803,plessen
20527,-1.6181818181818182,55,0.6860181818181819,0.41818181818181815,tjp
18545,-1.6181818181818182,55,0.8199636363636363,0.41818181818181815,asap
12877,-1.6181818181818182,55,0.6430181818181818,0.41818181818181815,chelleos
23469,-1.6274509803921569,51,0.6540196078431372,0.35294117647058826,woozzzi
17325,-1.6290322580645162,62,0.7514354838709677,0.3709677419354839,nolkz
15949,-1.6324786324786325,117,0.6858376068376068,0.36752136752136755,peppzor
23106,-1.640625,64,0.751734375,0.328125,viggo
20086,-1.6981132075471699,53,0.7626415094339623,0.3584905660377358,addict
14294,-1.6981132075471699,53,0.6997358490566038,0.3584905660377358,hazr
22459,-1.7,90,0.6866222222222222,0.4,sh1nejezzz
23829,-1.7244897959183674,98,0.7151632653061224,0.3673469387755102,machado
24607,-1.75,60,0.6693333333333332,0.4166666666666667,swetsi
17003,-1.7596899224806202,129,0.7600697674418604,0.4108527131782946,snapy
22957,-1.7789473684210526,95,0.6643789473684211,0.35789473684210527,stax
21290,-1.7850467289719627,107,0.7217663551401869,0.3644859813084112,perez
22964,-1.791304347826087,115,0.6574434782608695,0.3652173913043478,stormzyn
24146,-1.8214285714285714,56,0.7483214285714286,0.39285714285714285,lezy
23549,-1.8214285714285714,56,0.7204285714285714,0.39285714285714285,maxoff
23957,-1.8214285714285714,56,0.695857142857143,0.39285714285714285,neozix
21571,-1.8287671232876712,146,0.7716986301369864,0.363013698630137,leakz
21386,-1.84,50,0.7354600000000001,0.38,lampada
20600,-1.8584905660377358,106,0.7016981132075472,0.36792452830188677,sm3t
22566,-1.86,50,0.71246,0.34,deemo
20422,-1.9111111111111112,90,0.7532777777777778,0.4,owner
11276,-1.9333333333333333,60,0.7045499999999999,0.38333333333333336,marko
6553,-1.9431818181818181,88,0.6906931818181818,0.3409090909090909,fl4sh
15204,-1.96875,64,0.777453125,0.34375,vegi
23614,-2.0526315789473686,57,0.6395263157894737,0.3508771929824561,bambosh
24717,-2.0786516853932584,89,0.7243483146067415,0.33707865168539325,nikz
20289,-2.103448275862069,58,0.7094999999999999,0.3448275862068966,dgl
24558,-2.1186440677966103,59,0.7354406779661017,0.3559322033898305,maaxg1
24649,-2.1264367816091956,87,0.7145057471264368,0.39080459770114945,dosikk
20054,-2.164705882352941,85,0.6468941176470588,0.4,rafaxf
24298,-2.1744186046511627,86,0.7095465116279069,0.4069767441860465,alennncar
21036,-2.1782945736434107,129,0.7012790697674419,0.34108527131782945,krok
24426,-2.1864406779661016,59,0.627186440677966,0.288135593220339,stesso
25066,-2.230769230769231,65,0.7785692307692308,0.2923076923076923,qx
24328,-2.265957446808511,94,0.6902553191489361,0.39361702127659576,lukita
20577,-2.309090909090909,55,0.6643454545454546,0.41818181818181815,bruninho
23961,-2.310344827586207,58,0.7413965517241379,0.3103448275862069,legy
24650,-2.3146067415730336,89,0.7132247191011235,0.38202247191011235,tsukumeow
21085,-2.32183908045977,87,0.7127356321839081,0.3218390804597701,antonini
24906,-2.337078651685393,89,0.6557078651685393,0.38202247191011235,dune
22404,-2.3389830508474576,59,0.7061016949152543,0.3728813559322034,cerolzin
15501,-2.3793103448275863,58,0.6182068965517241,0.3275862068965517,b0denmaster
10506,-2.4,65,0.6658153846153846,0.3230769230769231,tutehen
10499,-2.4,65,0.6656461538461539,0.3230769230769231,jony-boy
18848,-2.4,55,0.7048181818181818,0.2909090909090909,henu
16102,-2.4352941176470586,85,0.7069647058823529,0.3764705882352941,nopeej
21888,-2.4507042253521125,71,0.791943661971831,0.36619718309859156,thuister
24930,-2.4923076923076923,65,0.6658153846153846,0.38461538461538464,vzn
10508,-2.6296296296296298,54,0.6850740740740741,0.2777777777777778,nbl
22945,-2.7017543859649122,57,0.6708771929824562,0.3333333333333333,tr0uble
19996,-3.169491525423729,59,0.7001016949152542,0.23728813559322035,jelo
24646,-3.235294117647059,51,0.6748627450980392,0.35294117647058826,ddoni
20827,-3.314814814814815,54,0.608,0.3148148148148148,linko
9818,-3.3214285714285716,56,0.7232321428571428,0.26785714285714285,uli
22144,-3.3214285714285716,56,0.6980535714285715,0.26785714285714285,puuha
22302,-4.084745762711864,59,0.8065254237288135,0.23728813559322035,empathy
25032,-4.12,50,0.60444,0.2,snow
24811,-4.254901960784314,51,0.6950588235294117,0.27450980392156865,hodix
24812,-4.254901960784314,51,0.672921568627451,0.27450980392156865,jackast
24672,-4.508474576271187,59,0.7296101694915254,0.23728813559322035,fakerealityy
